,Unnamed: 0,Unnamed: 1,Car,Image-Link,team
0,2012,0,Caterham CT01 Renault,https://upload.wikimedia.org/wikipedia/commons/c/c6/Heikki_Kovalainen_2012_Malaysia_FP2.jpg,Caterham F1
1,2012,1,Ferrari F2012,https://upload.wikimedia.org/wikipedia/commons/a/a0/2012_FERRARI_FERNANDO_ALONSON_NO5_AT_THE_YEONGAM_GRAND_PRIX_SOUTH_KOREA_OCT_%288212955835%29.jpg,Scuderia Ferrari SpA
2,2012,2,HRT F112 Cosworth,https://upload.wikimedia.org/wikipedia/commons/c/c1/Pedro_de_la_Rosa_2012_Malaysia_FP2.jpg,HRT F1 Team
3,2012,3,Lotus E20 Renault,https://upload.wikimedia.org/wikipedia/commons/7/77/Kimi_Raikkonen_2012_Malaysia_FP2.jpg,Lotus F1 Team
4,2012,4,Marussia MR01 Cosworth,https://upload.wikimedia.org/wikipedia/commons/f/f2/Charles_Pic_2012_Malaysia_FP1.jpg,Marussia F1 Team
5,2012,5,McLaren MP4-27 Mercedes,https://upload.wikimedia.org/wikipedia/commons/0/00/Jenson_Button_2012_Malaysia_FP2_1.jpg,McLaren International Ltd
6,2012,6,Mercedes AMG F1 W03,https://upload.wikimedia.org/wikipedia/commons/d/d8/Michael_Schumacher_pole_lap_monaco_2012.JPG,Mercedes AMG F1
7,2012,7,Red Bull RB8 Renault,https://upload.wikimedia.org/wikipedia/commons/3/30/Sebastian_Vettel_2012_Malaysia_FP2.jpg,Red Bull Racing
8,2012,8,Sahara Force India VJM05 Mercedes,https://upload.wikimedia.org/wikipedia/commons/f/fe/Nico_Hulkenberg_2012_Malaysia_FP1.jpg,Force India F1
9,2012,9,Sauber C31 Ferrari,https://upload.wikimedia.org/wikipedia/commons/e/e2/Sergio_Perez_2012_Malaysia_FP2.jpg,Sauber F1 Team
10,2012,10,Scuderia Toro Rosso STR7 Ferrari,https://upload.wikimedia.org/wikipedia/commons/c/c4/Daniel_Ricciardo_2012_Malaysia_FP2_1.jpg,Scuderia Toro Rosso
11,2012,11,Williams FW34 Renault,https://upload.wikimedia.org/wikipedia/commons/6/6d/Valtteri_Bottas_2012_Malaysia_FP1_2.jpg,Williams F1
12,2013,0,Caterham CT03 Renault,https://upload.wikimedia.org/wikipedia/commons/4/41/Charles_Pic_2013_Malaysia_FP1.jpg,Caterham F1
13,2013,1,Ferrari F138,https://upload.wikimedia.org/wikipedia/commons/0/02/Fernando_Alonso_2013_Malaysia_FP1.jpg,Scuderia Ferrari SpA
14,2013,2,Lotus E21 Renault,https://upload.wikimedia.org/wikipedia/commons/d/d3/Kimi_Raikkonen_2013_Malaysia_FP1.jpg,Lotus F1 Team
15,2013,3,Marussia MR02 Cosworth,https://upload.wikimedia.org/wikipedia/commons/e/e8/Jules_Bianchi_2013_Malaysia_FP1.jpg,Marussia F1 Team
16,2013,4,McLaren MP4-28 Mercedes,https://upload.wikimedia.org/wikipedia/commons/e/eb/Jenson_Button_2013_Malaysia_FP2_2.jpg,McLaren International Ltd
17,2013,5,Mercedes AMG F1 W04,https://upload.wikimedia.org/wikipedia/commons/f/fe/Lewis_Hamilton_2013_Malaysia_FP2_1.jpg,Mercedes AMG F1
18,2013,6,Infiniti Red Bull RB9 Renault,https://upload.wikimedia.org/wikipedia/commons/0/02/Sebastian_Vettel_2013_Malaysia_FP1.jpg,Red Bull Racing
19,2013,7,Sahara Force India VJM06 Mercedes,https://upload.wikimedia.org/wikipedia/commons/0/0b/Adrian_Sutil_2013_Malaysia_FP1.jpg,Force India F1
20,2013,8,Sauber C32 Ferrari,https://upload.wikimedia.org/wikipedia/commons/d/dc/Nico_Hulkenberg_2013_Malaysia_FP1.jpg,Sauber F1 Team
21,2013,9,Scuderia Toro Rosso STR8 Ferrari,https://upload.wikimedia.org/wikipedia/commons/e/e8/Jean-Eric_Vergne_2013_Malaysia_FP1.jpg,Scuderia Toro Rosso
22,2013,10,Williams FW35 Renault,https://upload.wikimedia.org/wikipedia/commons/a/a4/Valtteri_Bottas_2013_Malaysia_FP1.jpg,Williams F1
23,2014,0,Caterham CT05 Renault,https://upload.wikimedia.org/wikipedia/commons/f/fc/Kamui_Kobayashi_2014_Singapore_FP2.jpg,Caterham F1
24,2014,1,Ferrari F14 T,https://upload.wikimedia.org/wikipedia/commons/9/9b/Fernando_Alonso_2014_Singapore_FP2.jpg,Scuderia Ferrari SpA
25,2014,2,Lotus E22 Renault,https://upload.wikimedia.org/wikipedia/commons/2/2d/Pastor_Maldonado_2014_Singapore_FP3.jpg,Lotus F1 Team
26,2014,3,Marussia MR03 Ferrari,https://upload.wikimedia.org/wikipedia/commons/6/6e/Jules_Bianchi_Bahre%C3%AFn_2014.jpg,Marussia F1 Team
27,2014,4,McLaren MP4-29 Mercedes,https://upload.wikimedia.org/wikipedia/commons/b/b4/Mclaren_MP4-29_Jenson_Button_2014_F1_Chinese_GP.jpg,McLaren International Ltd
28,2014,5,Mercedes AMG F1 W05 Hybrid,https://upload.wikimedia.org/wikipedia/commons/6/6e/Mercedes_F1_W05_Hybrid_%28Lewis_Hamilton%29.jpg,Mercedes AMG F1
29,2014,6,Infiniti Red Bull RB10 Renault,https://upload.wikimedia.org/wikipedia/commons/f/f3/Sebastian_Vettel_2014_China_Race.jpg,Red Bull Racing
30,2014,7,Sahara Force India VJM07 Mercedes,https://upload.wikimedia.org/wikipedia/commons/b/b5/Nico_Hulkenberg_2014_Singapore_FP2.jpg,Force India F1
31,2014,8,Sauber C33 Ferrari,https://upload.wikimedia.org/wikipedia/commons/c/c0/Adrian_Sutil_2014_Singapore_FP2.jpg,Sauber F1 Team
32,2014,9,Scuderia Toro Rosso STR9 Renault,https://upload.wikimedia.org/wikipedia/commons/7/73/Daniil_Kvyat_2014_China_Race.jpg,Scuderia Toro Rosso
33,2014,10,Williams FW36 Mercedes,https://upload.wikimedia.org/wikipedia/commons/f/f8/Felipe_Massa_2014_China_Race.jpg,Williams F1
34,2015,0,Ferrari SF15-T,https://upload.wikimedia.org/wikipedia/commons/7/78/Sebastian_Vettel_2015_Malaysia_FP2_3.jpg,Scuderia Ferrari SpA
35,2015,1,Lotus E23 Hybrid Mercedes,https://upload.wikimedia.org/wikipedia/commons/f/f6/Romain_Grosjean_2015_Malaysia_FP1.jpg,Lotus F1 Team
36,2015,2,Manor Marussia MR03B Ferrari,https://upload.wikimedia.org/wikipedia/commons/2/29/Will_Stevens_070615.jpg,Manor Motorsport
37,2015,3,McLaren MP4-30 Honda,https://upload.wikimedia.org/wikipedia/commons/0/03/Fernando_Alonso_2015_Malaysia_FP3.jpg,McLaren International Ltd
38,2015,4,Mercedes AMG F1 W06 Hybrid,https://upload.wikimedia.org/wikipedia/commons/9/96/Lewis_Hamilton_2015_Malaysia_FP2_1.jpg,Mercedes AMG F1
39,2015,5,Ininiti Red Bull RB11 Renault,https://upload.wikimedia.org/wikipedia/commons/5/53/Daniel_Ricciardo_070615.jpg,Red Bull Racing
40,2015,6,Sahara Force India VJM08 Mercedes,https://upload.wikimedia.org/wikipedia/commons/0/01/H%C3%BClkenberg_Japan_2015.jpg,Force India F1
41,2015,7,Sahara Force India VJM08B Mercedes,https://upload.wikimedia.org/wikipedia/commons/a/a0/Nico_Hulkenberg_2015_Malaysia_FP2_1.jpg,Force India F1
42,2015,8,Sauber C34 Ferrari,https://upload.wikimedia.org/wikipedia/commons/4/4d/Raffaele_Marciello_2015_Malaysia_FP1_1.jpg,Sauber F1 Team
43,2015,9,Scuderia Toro Rosso STR10 Renault,https://upload.wikimedia.org/wikipedia/commons/3/32/Carlos_Sainz_Jr_2015_Malaysia_FP3_1.jpg,Scuderia Toro Rosso
44,2015,10,Williams FW37 Mercedes,https://upload.wikimedia.org/wikipedia/commons/1/10/Felipe_Massa_2015_Malaysia_FP3.jpg,Williams F1
45,2016,0,Ferrari SF16-H,https://upload.wikimedia.org/wikipedia/commons/4/41/Sebastian_Vettel_2016_Malaysia_FP2_1.jpg,Scuderia Ferrari SpA
46,2016,1,Haas VF-16 Ferrari,https://upload.wikimedia.org/wikipedia/commons/b/ba/Romain_Grosjean_2016_Malaysia_FP2_1.jpg,Haas F1 Team
47,2016,2,Manor MRT05 Mercedes,https://upload.wikimedia.org/wikipedia/commons/4/48/Pascal_Wehrlein_2016_Malaysia_FP2_1.jpg,Manor Motorsport
48,2016,3,McLaren MP4-31 Honda,https://upload.wikimedia.org/wikipedia/commons/5/5a/Fernando_Alonso_2016_Malaysia_FP2_1.jpg,McLaren International Ltd
49,2016,4,Mercedes AMG F1 W07 Hybrid,https://upload.wikimedia.org/wikipedia/commons/2/22/Lewis_Hamilton_2016_Malaysia_FP2_1.jpg,Mercedes AMG F1
50,2016,5,Red Bull RB12 TAG-Heuer,https://upload.wikimedia.org/wikipedia/commons/6/6e/Max_Verstappen_2016_Malaysia_FP2.jpg,Red Bull Racing
51,2016,6,Renault Sport R.S.16,https://upload.wikimedia.org/wikipedia/commons/c/ca/Jolyon_Palmer_2016_Malaysia_FP2_1.jpg,Renault F1
52,2016,7,Sahara Force India VJM09 Mercedes,https://upload.wikimedia.org/wikipedia/commons/8/8d/Sergio_Perez_2016_Malaysia_FP2_1.jpg,Force India F1
53,2016,8,Sauber C35 Ferrari,https://upload.wikimedia.org/wikipedia/commons/7/7f/Marcus_Ericsson_2016_Malaysia_FP2_1.jpg,Sauber F1 Team
54,2016,9,Scuderia Toro Rosso STR11 Ferrari,https://upload.wikimedia.org/wikipedia/commons/4/46/Daniil_Kvyat_2016_Malaysia_FP2_1.jpg,Scuderia Toro Rosso
55,2016,10,Williams FW38 Mercedes,https://upload.wikimedia.org/wikipedia/commons/6/64/Felipe_Massa_2016_Malaysia_FP2.jpg,Williams F1
56,2017,0,Ferrari SF70H,https://upload.wikimedia.org/wikipedia/commons/3/3d/Sebastian_Vettel_2017_Malaysia_FP1_1.jpg,Scuderia Ferrari SpA
57,2017,1,Haas VF-17 Ferrari,https://upload.wikimedia.org/wikipedia/commons/7/76/Kevin_Magnussen_2017_Malaysia_FP2_2.jpg,Haas F1 Team
58,2017,2,Manor MRT06,https://www.racecar-engineering.com/wp-content/uploads/2017/04/MAN1.jpg,Manor Motorsport
59,2017,3,McLaren MCL32 Honda,https://upload.wikimedia.org/wikipedia/commons/3/30/Fernando_Alonso_2017_Malaysia_FP2_2.jpg,McLaren International Ltd
60,2017,4,Mercedes AMG F1 W08 EQ Power+,https://upload.wikimedia.org/wikipedia/commons/6/6a/FIA_F1_Austria_2018_Nr._44_Hamilton.jpg,Mercedes AMG F1
61,2017,5,Red Bull RB13 TAG-Heuer,https://upload.wikimedia.org/wikipedia/commons/c/c7/Max_Verstappen_2017_Malaysia_FP1_1.jpg,Red Bull Racing
62,2017,6,Renault Sport R.S.17,https://upload.wikimedia.org/wikipedia/commons/a/af/Nico_Hulkenberg_2017_Malaysia_FP2_2.jpg,Renault F1
63,2017,7,Sahara Force India VJM10 Mercedes,https://upload.wikimedia.org/wikipedia/commons/5/55/Esteban_Ocon_2017_Malaysia_FP2_2.jpg,Force India F1
64,2017,8,Sauber C36 Ferrari,https://upload.wikimedia.org/wikipedia/commons/8/83/Pascal_Wehrlein_2017_Malaysia_FP2_2.jpg,Sauber F1 Team
65,2017,9,Scuderia Toro Rosso STR12 Renault,https://upload.wikimedia.org/wikipedia/commons/9/98/Carlos_Sainz_Jr_2017_Malaysia_FP2_2.jpg,Scuderia Toro Rosso
66,2017,10,Williams FW40 Mercedes,https://upload.wikimedia.org/wikipedia/commons/3/30/Felipe_Massa_2017_Malaysia_FP2_2.jpg,Williams F1
67,2018,0,Ferrari SF71H,https://upload.wikimedia.org/wikipedia/commons/7/7d/FIA_F1_Austria_2018_Nr._5_Vettel.jpg,Scuderia Ferrari SpA
68,2018,1,Force India VJM11 Mercedes,https://upload.wikimedia.org/wikipedia/commons/9/9f/FIA_F1_Austria_2018_Nr._11_Perez.jpg,Force India F1
69,2018,2,Haas VF-18 Ferrari,https://upload.wikimedia.org/wikipedia/commons/5/5b/FIA_F1_Austria_2022_Nr._20_Magnussen.jpg,Haas F1 Team
70,2018,3,McLaren MCL33 Renault,https://upload.wikimedia.org/wikipedia/commons/f/fb/FIA_F1_Austria_2018_Nr._14_Alonso.jpg,McLaren International Ltd
71,2018,4,Mercedes AMG F1 W09 EQ Power+,https://upload.wikimedia.org/wikipedia/commons/d/d8/FIA_F1_Austria_2019_Nr._77_Bottas_1.jpg,Mercedes AMG F1
72,2018,5,Aston Martin Red Bull RB14 TAG-Heuer,https://upload.wikimedia.org/wikipedia/commons/b/b0/FIA_F1_Austria_2018_Nr._3_Ricciardo.jpg,Red Bull Racing
73,2018,6,Renault Sport R.S.18,https://upload.wikimedia.org/wikipedia/commons/6/66/FIA_F1_Austria_2018_Nr._27_H%C3%BClkenberg.jpg,Renault F1
74,2018,7,Alfa Romeo Sauber C37 Ferrari,https://upload.wikimedia.org/wikipedia/commons/4/46/FIA_F1_Austria_2018_Nr._9_Ericsson.jpg,Sauber F1 Team
75,2018,8,Toro Rosso STR13 Honda,https://upload.wikimedia.org/wikipedia/commons/1/1f/FIA_F1_Austria_2018_Nr._10_Gasly.jpg,Scuderia Toro Rosso
76,2018,9,Williams FW41 Mercedes,https://upload.wikimedia.org/wikipedia/commons/5/53/FIA_F1_Austria_2018_Nr._18_Stroll.jpg,Williams F1
77,2019,0,Alfa Romeo C38 Ferrari,https://upload.wikimedia.org/wikipedia/commons/b/bd/FIA_F1_Austria_2019_Nr._7_R%C3%A4ikk%C3%B6nen_1.jpg,Sauber F1 Team
78,2019,1,Ferrari SF90,https://upload.wikimedia.org/wikipedia/commons/d/df/FIA_F1_Austria_2019_Nr._5_Vettel_1.jpg,Scuderia Ferrari SpA
79,2019,2,Haas VF-19 Ferrari,https://upload.wikimedia.org/wikipedia/commons/5/5b/FIA_F1_Austria_2022_Nr._20_Magnussen.jpg,Haas F1 Team
80,2019,3,McLaren MCL34 Renault,https://upload.wikimedia.org/wikipedia/commons/a/a3/FIA_F1_Austria_2019_Nr._55_Sainz_1.jpg,McLaren International Ltd
81,2019,4,Mercedes AMG F1 W10 EQ Power+,https://upload.wikimedia.org/wikipedia/commons/d/d8/FIA_F1_Austria_2019_Nr._77_Bottas_1.jpg,Mercedes AMG F1
82,2019,5,Racing Point RP19 Mercedes,https://upload.wikimedia.org/wikipedia/commons/8/87/FIA_F1_Austria_2019_Nr._18_Stroll_1.jpg,Racing Point F1 Team
83,2019,6,Aston Martin Red Bull RB15 Honda,https://upload.wikimedia.org/wikipedia/commons/8/89/FIA_F1_Austria_2019_Nr._33_Verstappen_1.jpg,Red Bull Racing
84,2019,7,Renault Sport R.S.19,https://upload.wikimedia.org/wikipedia/commons/b/ba/FIA_F1_Austria_2019_Nr._3_Ricciardo_1.jpg,Renault F1
85,2019,8,Toro Rosso STR14 Honda,https://upload.wikimedia.org/wikipedia/commons/7/75/FIA_F1_Austria_2019_Nr._26_Kvyat_1.jpg,Scuderia Toro Rosso
86,2019,9,Williams FW42 Mercedes,https://upload.wikimedia.org/wikipedia/commons/d/da/FIA_F1_Austria_2019_Nr._88_Kubica_1.jpg,Williams F1
87,2020,0,Alfa Romeo C39 Ferrari,https://upload.wikimedia.org/wikipedia/commons/b/b3/2020_Formula_One_tests_Barcelona%2C_Alfa_Romeo_C39%2C_R%C3%A4ikk%C3%B6nen.jpg,Sauber F1 Team
88,2020,1,AlphaTauri AT01 Honda,https://upload.wikimedia.org/wikipedia/commons/d/d1/Daniil_Kvyat_2020_Tuscan_Grand_Prix_-_race_day.jpg,Scuderia Toro Rosso
89,2020,2,Ferrari SF1000,https://upload.wikimedia.org/wikipedia/commons/3/3f/Charles_Leclerc_2020_Tuscan_Grand_Prix_-_race_day.jpg,Scuderia Ferrari SpA
90,2020,3,Haas VF-20 Ferrari,https://upload.wikimedia.org/wikipedia/commons/5/5b/FIA_F1_Austria_2022_Nr._20_Magnussen.jpg,Haas F1 Team
91,2020,4,McLaren MCL35 Renault,https://upload.wikimedia.org/wikipedia/commons/c/c1/Lando_Norris-McLaren_MCL35_%283%29.jpg,McLaren International Ltd
92,2020,5,Mercedes AMG F1 W11 EQ Performance,https://upload.wikimedia.org/wikipedia/commons/6/65/Lewis_Hamilton_2020_Tuscan_Grand_Prix_-_race_day.jpg,Mercedes AMG F1
93,2020,6,BWT Racing Point RP20 Mercedes,https://upload.wikimedia.org/wikipedia/commons/e/eb/Sergio_Perez-Racing_Point_RP_20_%285%29.jpg,Racing Point F1 Team
94,2020,7,Aston Martin Red Bull RB16 Honda,https://upload.wikimedia.org/wikipedia/commons/a/a2/Alexander_Albon-Red_Bull_RB16_%284%29.jpg,Red Bull Racing
95,2020,8,Renault Sport R.S.20,https://upload.wikimedia.org/wikipedia/commons/c/ca/Daniel_Ricciardo_2020_Tuscan_Grand_Prix_2_%28cropped%29.jpg,Renault F1
96,2020,9,Williams FW43 Mercedes,https://upload.wikimedia.org/wikipedia/commons/5/5f/George_Russell_2020_Tuscan_Grand_Prix_-_race_day.jpg,Williams F1
97,2021,0,Alfa Romeo C41 Ferrari,https://upload.wikimedia.org/wikipedia/commons/f/fd/FIA_F1_Austria_2021_Nr._7_R%C3%A4ikk%C3%B6nen_%28side%29.jpg,Sauber F1 Team
98,2021,1,AlphaTauri AT02 Honda,https://upload.wikimedia.org/wikipedia/commons/7/7b/FIA_F1_Austria_2021_Nr._22_Tsunoda_%28side%29.jpg,Scuderia Toro Rosso
99,2021,2,Alpine A521 Renault,https://upload.wikimedia.org/wikipedia/commons/e/e8/Fernando_Alonso%2C_F1_British_Grand_Prix_2021.jpg,Alpine F1 Team
100,2021,3,Aston Martin AMR21 Mercedes,https://upload.wikimedia.org/wikipedia/commons/8/82/Sebastian_Vettel%2C_F1_British_Grand_Prix_2021.jpg,Aston Martin
101,2021,4,Ferrari SF21,https://upload.wikimedia.org/wikipedia/commons/1/13/FIA_F1_Austria_2021_Nr._16_Leclerc_%28side%29.jpg,Scuderia Ferrari SpA
102,2021,5,Haas VF-21 Ferrari,https://upload.wikimedia.org/wikipedia/commons/5/5b/FIA_F1_Austria_2022_Nr._20_Magnussen.jpg,Haas F1 Team
103,2021,6,McLaren MCL35M Mercedes,https://upload.wikimedia.org/wikipedia/commons/c/c1/Lando_Norris-McLaren_MCL35_%283%29.jpg,McLaren International Ltd
104,2021,7,Mercedes F1 W12 E Performance,https://upload.wikimedia.org/wikipedia/commons/2/27/FIA_F1_Austria_2021_Nr._44_Hamilton_%28side%29.jpg,Mercedes AMG F1
105,2021,8,Red Bull RB16B Honda,https://upload.wikimedia.org/wikipedia/commons/a/a2/Alexander_Albon-Red_Bull_RB16_%284%29.jpg,Red Bull Racing
106,2021,9,Williams FW43B Mercedes,https://upload.wikimedia.org/wikipedia/commons/5/5f/George_Russell_2020_Tuscan_Grand_Prix_-_race_day.jpg,Williams F1
107,2022,0,Alfa Romeo C42 Ferrari,https://upload.wikimedia.org/wikipedia/commons/f/ff/FIA_F1_Austria_2022_Nr._77_Bottas_%28side_2%29.jpg,Sauber F1 Team
108,2022,1,AlphaTauri AT03 RBPT,https://scuderia.alphatauri.com/wp-content/uploads/2022/02/SV_ARBR__FEB_2022_4781.jpg,Scuderia Toro Rosso
109,2022,2,Alpine A522 Renault,https://upload.wikimedia.org/wikipedia/commons/6/66/FIA_F1_Austria_2022_Nr._14_Alonso.jpg,Alpine F1 Team
110,2022,3,Aston Martin AMR22 Mercedes,https://upload.wikimedia.org/wikipedia/commons/9/9c/FIA_F1_Austria_2022_Nr._5_Vettel.jpg,Aston Martin
111,2022,4,Ferrari F1-75,https://upload.wikimedia.org/wikipedia/commons/7/74/FIA_F1_Austria_2022_Nr._16_Leclerc.jpg,Scuderia Ferrari SpA
112,2022,5,Haas VF-22 Ferrari,https://upload.wikimedia.org/wikipedia/commons/5/5b/FIA_F1_Austria_2022_Nr._20_Magnussen.jpg,Haas F1 Team
113,2022,6,McLaren MCL36 Mercedes,https://upload.wikimedia.org/wikipedia/commons/2/27/Lando_Norris_drives_the_McLaren_MCL36_during_the_2022_British_Grand_Prix..jpg,McLaren International Ltd
114,2022,7,Mercedes F1 W13 E Performance,https://upload.wikimedia.org/wikipedia/commons/b/bc/Lewis_Hamilton_2022.jpg,Mercedes AMG F1
115,2022,8,Red Bull RB18 RBPT,https://upload.wikimedia.org/wikipedia/commons/b/b4/2022_British_Grand_Prix_%2852381405112%29.jpg,Red Bull Racing
116,2022,9,Williams FW44 Mercedes,https://upload.wikimedia.org/wikipedia/commons/1/19/FIA_F1_Austria_2022_Nr._23_Albon.jpg,Williams F1
