,,position,points,wins,Constructor
2012,1,1,40,1,McLaren
2012,1,2,30,0,Red Bull
2012,1,3,12,0,Sauber
2012,1,4,10,0,Ferrari
2012,1,5,6,0,Lotus F1
2012,1,6,2,0,Toro Rosso
2012,1,7,1,0,Force India
2012,1,8,0,0,Mercedes
2012,1,9,0,0,Williams
2012,1,10,0,0,Marussia
2012,1,11,0,0,Caterham
2012,2,1,55,1,McLaren
2012,2,2,42,0,Red Bull
2012,2,3,35,1,Ferrari
2012,2,4,30,0,Sauber
2012,2,5,16,0,Lotus F1
2012,2,6,9,0,Force India
2012,2,7,8,0,Williams
2012,2,8,6,0,Toro Rosso
2012,2,9,1,0,Mercedes
2012,2,10,0,0,Marussia
2012,2,11,0,0,Caterham
2012,2,12,0,0,HRT
2012,3,1,88,1,McLaren
2012,3,2,64,0,Red Bull
2012,3,3,37,1,Ferrari
2012,3,4,31,0,Sauber
2012,3,5,26,1,Mercedes
2012,3,6,24,0,Lotus F1
2012,3,7,18,0,Williams
2012,3,8,9,0,Force India
2012,3,9,6,0,Toro Rosso
2012,3,10,0,0,Marussia
2012,3,11,0,0,Caterham
2012,3,12,0,0,HRT
2012,4,1,101,1,Red Bull
2012,4,2,92,1,McLaren
2012,4,3,57,0,Lotus F1
2012,4,4,45,1,Ferrari
2012,4,5,37,1,Mercedes
2012,4,6,31,0,Sauber
2012,4,7,18,0,Williams
2012,4,8,17,0,Force India
2012,4,9,6,0,Toro Rosso
2012,4,10,0,0,Marussia
2012,4,11,0,0,Caterham
2012,4,12,0,0,HRT
2012,5,1,109,1,Red Bull
2012,5,2,98,1,McLaren
2012,5,3,84,0,Lotus F1
2012,5,4,63,1,Ferrari
2012,5,5,43,1,Mercedes
2012,5,6,43,1,Williams
2012,5,7,41,0,Sauber
2012,5,8,18,0,Force India
2012,5,9,6,0,Toro Rosso
2012,5,10,0,0,Marussia
2012,5,11,0,0,Caterham
2012,5,12,0,0,HRT
2012,6,1,146,2,Red Bull
2012,6,2,108,1,McLaren
2012,6,3,86,1,Ferrari
2012,6,4,86,0,Lotus F1
2012,6,5,61,1,Mercedes
2012,6,6,44,1,Williams
2012,6,7,41,0,Sauber
2012,6,8,28,0,Force India
2012,6,9,6,0,Toro Rosso
2012,6,10,0,0,Caterham
2012,6,11,0,0,Marussia
2012,6,12,0,0,HRT
2012,7,1,164,2,Red Bull
2012,7,2,133,2,McLaren
2012,7,3,108,0,Lotus F1
2012,7,4,97,1,Ferrari
2012,7,5,69,1,Mercedes
2012,7,6,58,0,Sauber
2012,7,7,44,1,Williams
2012,7,8,28,0,Force India
2012,7,9,6,0,Toro Rosso
2012,7,10,0,0,Caterham
2012,7,11,0,0,Marussia
2012,7,12,0,0,HRT
2012,8,1,176,2,Red Bull
2012,8,2,137,2,McLaren
2012,8,3,126,0,Lotus F1
2012,8,4,122,2,Ferrari
2012,8,5,92,1,Mercedes
2012,8,6,60,0,Sauber
2012,8,7,45,1,Williams
2012,8,8,44,0,Force India
2012,8,9,6,0,Toro Rosso
2012,8,10,0,0,Caterham
2012,8,11,0,0,Marussia
2012,8,12,0,0,HRT
2012,9,1,216,3,Red Bull
2012,9,2,152,2,Ferrari
2012,9,3,144,0,Lotus F1
2012,9,4,142,2,McLaren
2012,9,5,98,1,Mercedes
2012,9,6,60,0,Sauber
2012,9,7,47,1,Williams
2012,9,8,44,0,Force India
2012,9,9,6,0,Toro Rosso
2012,9,10,0,0,Caterham
2012,9,11,0,0,Marussia
2012,9,12,0,0,HRT
2012,10,1,230,3,Red Bull
2012,10,2,177,3,Ferrari
2012,10,3,160,2,McLaren
2012,10,4,159,0,Lotus F1
2012,10,5,105,1,Mercedes
2012,10,6,80,0,Sauber
2012,10,7,47,1,Williams
2012,10,8,46,0,Force India
2012,10,9,6,0,Toro Rosso
2012,10,10,0,0,Caterham
2012,10,11,0,0,Marussia
2012,10,12,0,0,HRT
2012,11,1,246,3,Red Bull
2012,11,2,193,3,McLaren
2012,11,3,192,0,Lotus F1
2012,11,4,189,3,Ferrari
2012,11,5,106,1,Mercedes
2012,11,6,80,0,Sauber
2012,11,7,53,1,Williams
2012,11,8,46,0,Force India
2012,11,9,6,0,Toro Rosso
2012,11,10,0,0,Caterham
2012,11,11,0,0,Marussia
2012,11,12,0,0,HRT
2012,12,1,272,3,Red Bull
2012,12,2,218,4,McLaren
2012,12,3,207,0,Lotus F1
2012,12,4,199,3,Ferrari
2012,12,5,112,1,Mercedes
2012,12,6,80,0,Sauber
2012,12,7,59,0,Force India
2012,12,8,53,1,Williams
2012,12,9,12,0,Toro Rosso
2012,12,10,0,0,Caterham
2012,12,11,0,0,Marussia
2012,12,12,0,0,HRT
2012,13,1,272,3,Red Bull
2012,13,2,243,5,McLaren
2012,13,3,226,3,Ferrari
2012,13,4,217,0,Lotus F1
2012,13,5,126,1,Mercedes
2012,13,6,100,0,Sauber
2012,13,7,63,0,Force India
2012,13,8,54,1,Williams
2012,13,9,12,0,Toro Rosso
2012,13,10,0,0,Caterham
2012,13,11,0,0,Marussia
2012,13,12,0,0,HRT
2012,14,1,297,4,Red Bull
2012,14,2,261,5,McLaren
2012,14,3,245,3,Ferrari
2012,14,4,231,0,Lotus F1
2012,14,5,136,1,Mercedes
2012,14,6,101,0,Sauber
2012,14,7,75,0,Force India
2012,14,8,54,1,Williams
2012,14,9,14,0,Toro Rosso
2012,14,10,0,0,Marussia
2012,14,11,0,0,Caterham
2012,14,12,0,0,HRT
2012,15,1,324,5,Red Bull
2012,15,2,283,5,McLaren
2012,15,3,263,3,Ferrari
2012,15,4,239,0,Lotus F1
2012,15,5,136,1,Mercedes
2012,15,6,116,0,Sauber
2012,15,7,81,0,Force India
2012,15,8,58,1,Williams
2012,15,9,15,0,Toro Rosso
2012,15,10,0,0,Marussia
2012,15,11,0,0,Caterham
2012,15,12,0,0,HRT
2012,16,1,367,6,Red Bull
2012,16,2,290,3,Ferrari
2012,16,3,284,5,McLaren
2012,16,4,255,0,Lotus F1
2012,16,5,136,1,Mercedes
2012,16,6,116,0,Sauber
2012,16,7,89,0,Force India
2012,16,8,58,1,Williams
2012,16,9,21,0,Toro Rosso
2012,16,10,0,0,Marussia
2012,16,11,0,0,Caterham
2012,16,12,0,0,HRT
2012,17,1,407,7,Red Bull
2012,17,2,316,3,Ferrari
2012,17,3,306,5,McLaren
2012,17,4,263,0,Lotus F1
2012,17,5,136,1,Mercedes
2012,17,6,116,0,Sauber
2012,17,7,93,0,Force India
2012,17,8,59,1,Williams
2012,17,9,21,0,Toro Rosso
2012,17,10,0,0,Marussia
2012,17,11,0,0,Caterham
2012,17,12,0,0,HRT
2012,18,1,422,7,Red Bull
2012,18,2,340,3,Ferrari
2012,18,3,318,5,McLaren
2012,18,4,288,1,Lotus F1
2012,18,5,136,1,Mercedes
2012,18,6,124,0,Sauber
2012,18,7,95,0,Force India
2012,18,8,73,1,Williams
2012,18,9,22,0,Toro Rosso
2012,18,10,0,0,Marussia
2012,18,11,0,0,Caterham
2012,18,12,0,0,HRT
2012,19,1,440,7,Red Bull
2012,19,2,367,3,Ferrari
2012,19,3,353,6,McLaren
2012,19,4,302,1,Lotus F1
2012,19,5,136,1,Mercedes
2012,19,6,124,0,Sauber
2012,19,7,99,0,Force India
2012,19,8,76,1,Williams
2012,19,9,22,0,Toro Rosso
2012,19,10,0,0,Marussia
2012,19,11,0,0,Caterham
2012,19,12,0,0,HRT
2012,20,1,460,7,Red Bull
2012,20,2,400,3,Ferrari
2012,20,3,378,7,McLaren
2012,20,4,303,1,Lotus F1
2012,20,5,142,1,Mercedes
2012,20,6,126,0,Sauber
2012,20,7,109,0,Force India
2012,20,8,76,1,Williams
2012,20,9,26,0,Toro Rosso
2012,20,10,0,0,Caterham
2012,20,11,0,0,Marussia
2012,20,12,0,0,HRT
2013,1,1,30,0,Ferrari
2013,1,2,26,1,Lotus F1
2013,1,3,23,0,Red Bull
2013,1,4,10,0,Mercedes
2013,1,5,10,0,Force India
2013,1,6,2,0,McLaren
2013,1,7,0,0,Toro Rosso
2013,1,8,0,0,Sauber
2013,1,9,0,0,Williams
2013,1,10,0,0,Marussia
2013,1,11,0,0,Caterham
2013,2,1,66,1,Red Bull
2013,2,2,40,1,Lotus F1
2013,2,3,40,0,Ferrari
2013,2,4,37,0,Mercedes
2013,2,5,10,0,Force India
2013,2,6,4,0,Sauber
2013,2,7,4,0,McLaren
2013,2,8,1,0,Toro Rosso
2013,2,9,0,0,Williams
2013,2,10,0,0,Marussia
2013,2,11,0,0,Caterham
2013,3,1,78,1,Red Bull
2013,3,2,73,1,Ferrari
2013,3,3,60,1,Lotus F1
2013,3,4,52,0,Mercedes
2013,3,5,14,0,McLaren
2013,3,6,14,0,Force India
2013,3,7,7,0,Toro Rosso
2013,3,8,5,0,Sauber
2013,3,9,0,0,Williams
2013,3,10,0,0,Marussia
2013,3,11,0,0,Caterham
2013,4,1,109,2,Red Bull
2013,4,2,93,1,Lotus F1
2013,4,3,77,1,Ferrari
2013,4,4,64,0,Mercedes
2013,4,5,26,0,Force India
2013,4,6,23,0,McLaren
2013,4,7,7,0,Toro Rosso
2013,4,8,5,0,Sauber
2013,4,9,0,0,Williams
2013,4,10,0,0,Marussia
2013,4,11,0,0,Caterham
2013,5,1,131,2,Red Bull
2013,5,2,117,2,Ferrari
2013,5,3,111,1,Lotus F1
2013,5,4,72,0,Mercedes
2013,5,5,32,0,Force India
2013,5,6,29,0,McLaren
2013,5,7,8,0,Toro Rosso
2013,5,8,5,0,Sauber
2013,5,9,0,0,Williams
2013,5,10,0,0,Marussia
2013,5,11,0,0,Caterham
2013,6,1,164,2,Red Bull
2013,6,2,123,2,Ferrari
2013,6,3,112,1,Lotus F1
2013,6,4,109,1,Mercedes
2013,6,5,44,0,Force India
2013,6,6,37,0,McLaren
2013,6,7,12,0,Toro Rosso
2013,6,8,5,0,Sauber
2013,6,9,0,0,Williams
2013,6,10,0,0,Marussia
2013,6,11,0,0,Caterham
2013,7,1,201,3,Red Bull
2013,7,2,145,2,Ferrari
2013,7,3,134,1,Mercedes
2013,7,4,114,1,Lotus F1
2013,7,5,51,0,Force India
2013,7,6,37,0,McLaren
2013,7,7,20,0,Toro Rosso
2013,7,8,5,0,Sauber
2013,7,9,0,0,Williams
2013,7,10,0,0,Marussia
2013,7,11,0,0,Caterham
2013,8,1,219,3,Red Bull
2013,8,2,171,2,Mercedes
2013,8,3,168,2,Ferrari
2013,8,4,124,1,Lotus F1
2013,8,5,59,0,Force India
2013,8,6,37,0,McLaren
2013,8,7,24,0,Toro Rosso
2013,8,8,6,0,Sauber
2013,8,9,0,0,Williams
2013,8,10,0,0,Marussia
2013,8,11,0,0,Caterham
2013,9,1,250,4,Red Bull
2013,9,2,183,2,Mercedes
2013,9,3,180,2,Ferrari
2013,9,4,157,1,Lotus F1
2013,9,5,59,0,Force India
2013,9,6,49,0,McLaren
2013,9,7,24,0,Toro Rosso
2013,9,8,7,0,Sauber
2013,9,9,0,0,Williams
2013,9,10,0,0,Marussia
2013,9,11,0,0,Caterham
2013,10,1,277,4,Red Bull
2013,10,2,208,3,Mercedes
2013,10,3,194,2,Ferrari
2013,10,4,183,1,Lotus F1
2013,10,5,59,0,Force India
2013,10,6,57,0,McLaren
2013,10,7,24,0,Toro Rosso
2013,10,8,7,0,Sauber
2013,10,9,1,0,Williams
2013,10,10,0,0,Marussia
2013,10,11,0,0,Caterham
2013,11,1,312,5,Red Bull
2013,11,2,235,3,Mercedes
2013,11,3,218,2,Ferrari
2013,11,4,187,1,Lotus F1
2013,11,5,65,0,McLaren
2013,11,6,61,0,Force India
2013,11,7,25,0,Toro Rosso
2013,11,8,7,0,Sauber
2013,11,9,1,0,Williams
2013,11,10,0,0,Marussia
2013,11,11,0,0,Caterham
2013,12,1,352,6,Red Bull
2013,12,2,248,2,Ferrari
2013,12,3,245,3,Mercedes
2013,12,4,191,1,Lotus F1
2013,12,5,66,0,McLaren
2013,12,6,61,0,Force India
2013,12,7,31,0,Toro Rosso
2013,12,8,17,0,Sauber
2013,12,9,1,0,Williams
2013,12,10,0,0,Marussia
2013,12,11,0,0,Caterham
2013,13,1,377,7,Red Bull
2013,13,2,274,2,Ferrari
2013,13,3,267,3,Mercedes
2013,13,4,206,1,Lotus F1
2013,13,5,76,0,McLaren
2013,13,6,62,0,Force India
2013,13,7,31,0,Toro Rosso
2013,13,8,19,0,Sauber
2013,13,9,1,0,Williams
2013,13,10,0,0,Marussia
2013,13,11,0,0,Caterham
2013,14,1,402,8,Red Bull
2013,14,2,284,2,Ferrari
2013,14,3,283,3,Mercedes
2013,14,4,239,1,Lotus F1
2013,14,5,81,0,McLaren
2013,14,6,62,0,Force India
2013,14,7,31,0,Sauber
2013,14,8,31,0,Toro Rosso
2013,14,9,1,0,Williams
2013,14,10,0,0,Marussia
2013,14,11,0,0,Caterham
2013,15,1,445,9,Red Bull
2013,15,2,297,2,Ferrari
2013,15,3,287,3,Mercedes
2013,15,4,264,1,Lotus F1
2013,15,5,83,0,McLaren
2013,15,6,62,0,Force India
2013,15,7,45,0,Sauber
2013,15,8,31,0,Toro Rosso
2013,15,9,1,0,Williams
2013,15,10,0,0,Marussia
2013,15,11,0,0,Caterham
2013,16,1,470,10,Red Bull
2013,16,2,313,3,Mercedes
2013,16,3,309,2,Ferrari
2013,16,4,285,1,Lotus F1
2013,16,5,93,0,McLaren
2013,16,6,68,0,Force India
2013,16,7,45,0,Sauber
2013,16,8,32,0,Toro Rosso
2013,16,9,1,0,Williams
2013,16,10,0,0,Marussia
2013,16,11,0,0,Caterham
2013,17,1,513,11,Red Bull
2013,17,2,334,3,Mercedes
2013,17,3,323,2,Ferrari
2013,17,4,297,1,Lotus F1
2013,17,5,95,0,McLaren
2013,17,6,77,0,Force India
2013,17,7,45,0,Sauber
2013,17,8,32,0,Toro Rosso
2013,17,9,1,0,Williams
2013,17,10,0,0,Marussia
2013,17,11,0,0,Caterham
2013,18,1,553,12,Red Bull
2013,18,2,348,3,Mercedes
2013,18,3,333,2,Ferrari
2013,18,4,315,1,Lotus F1
2013,18,5,102,0,McLaren
2013,18,6,77,0,Force India
2013,18,7,53,0,Sauber
2013,18,8,32,0,Toro Rosso
2013,18,9,5,0,Williams
2013,18,10,0,0,Marussia
2013,18,11,0,0,Caterham
2013,19,1,596,13,Red Bull
2013,19,2,360,3,Mercedes
2013,19,3,354,2,Ferrari
2013,19,4,315,1,Lotus F1
2013,19,5,122,0,McLaren
2013,19,6,77,0,Force India
2013,19,7,57,0,Sauber
2013,19,8,33,0,Toro Rosso
2013,19,9,5,0,Williams
2013,19,10,0,0,Marussia
2013,19,11,0,0,Caterham
2014,1,1,33,0,McLaren
2014,1,2,25,1,Mercedes
2014,1,3,18,0,Ferrari
2014,1,4,10,0,Williams
2014,1,5,9,0,Force India
2014,1,6,6,0,Toro Rosso
2014,1,7,0,0,Sauber
2014,1,8,0,0,Marussia
2014,1,9,0,0,Lotus F1
2014,1,10,0,0,Caterham
2014,1,11,0,0,Red Bull
2014,2,1,68,2,Mercedes
2014,2,2,43,0,McLaren
2014,2,3,30,0,Ferrari
2014,2,4,20,0,Williams
2014,2,5,19,0,Force India
2014,2,6,15,0,Red Bull
2014,2,7,7,0,Toro Rosso
2014,2,8,0,0,Sauber
2014,2,9,0,0,Lotus F1
2014,2,10,0,0,Caterham
2014,2,11,0,0,Marussia
2014,3,1,111,3,Mercedes
2014,3,2,44,0,Force India
2014,3,3,43,0,McLaren
2014,3,4,35,0,Red Bull
2014,3,5,33,0,Ferrari
2014,3,6,30,0,Williams
2014,3,7,7,0,Toro Rosso
2014,3,8,0,0,Lotus F1
2014,3,9,0,0,Sauber
2014,3,10,0,0,Marussia
2014,3,11,0,0,Caterham
2014,4,1,154,4,Mercedes
2014,4,2,57,0,Red Bull
2014,4,3,54,0,Force India
2014,4,4,52,0,Ferrari
2014,4,5,43,0,McLaren
2014,4,6,36,0,Williams
2014,4,7,8,0,Toro Rosso
2014,4,8,0,0,Lotus F1
2014,4,9,0,0,Sauber
2014,4,10,0,0,Marussia
2014,4,11,0,0,Caterham
2014,5,1,197,5,Mercedes
2014,5,2,84,0,Red Bull
2014,5,3,66,0,Ferrari
2014,5,4,57,0,Force India
2014,5,5,46,0,Williams
2014,5,6,43,0,McLaren
2014,5,7,8,0,Toro Rosso
2014,5,8,4,0,Lotus F1
2014,5,9,0,0,Sauber
2014,5,10,0,0,Marussia
2014,5,11,0,0,Caterham
2014,6,1,240,6,Mercedes
2014,6,2,99,0,Red Bull
2014,6,3,78,0,Ferrari
2014,6,4,67,0,Force India
2014,6,5,52,0,McLaren
2014,6,6,52,0,Williams
2014,6,7,8,0,Lotus F1
2014,6,8,8,0,Toro Rosso
2014,6,9,2,0,Marussia
2014,6,10,0,0,Sauber
2014,6,11,0,0,Caterham
2014,7,1,258,6,Mercedes
2014,7,2,139,1,Red Bull
2014,7,3,87,0,Ferrari
2014,7,4,77,0,Force India
2014,7,5,66,0,McLaren
2014,7,6,58,0,Williams
2014,7,7,12,0,Toro Rosso
2014,7,8,8,0,Lotus F1
2014,7,9,2,0,Marussia
2014,7,10,0,0,Sauber
2014,7,11,0,0,Caterham
2014,8,1,301,7,Mercedes
2014,8,2,143,1,Red Bull
2014,8,3,98,0,Ferrari
2014,8,4,87,0,Force India
2014,8,5,85,0,Williams
2014,8,6,72,0,McLaren
2014,8,7,12,0,Toro Rosso
2014,8,8,8,0,Lotus F1
2014,8,9,2,0,Marussia
2014,8,10,0,0,Sauber
2014,8,11,0,0,Caterham
2014,9,1,326,8,Mercedes
2014,9,2,168,1,Red Bull
2014,9,3,106,0,Ferrari
2014,9,4,103,0,Williams
2014,9,5,91,0,Force India
2014,9,6,90,0,McLaren
2014,9,7,15,0,Toro Rosso
2014,9,8,8,0,Lotus F1
2014,9,9,2,0,Marussia
2014,9,10,0,0,Sauber
2014,9,11,0,0,Caterham
2014,10,1,366,9,Mercedes
2014,10,2,188,1,Red Bull
2014,10,3,121,0,Williams
2014,10,4,116,0,Ferrari
2014,10,5,98,0,Force India
2014,10,6,96,0,McLaren
2014,10,7,15,0,Toro Rosso
2014,10,8,8,0,Lotus F1
2014,10,9,2,0,Marussia
2014,10,10,0,0,Sauber
2014,10,11,0,0,Caterham
2014,11,1,393,9,Mercedes
2014,11,2,219,2,Red Bull
2014,11,3,142,0,Ferrari
2014,11,4,135,0,Williams
2014,11,5,98,0,Force India
2014,11,6,97,0,McLaren
2014,11,7,17,0,Toro Rosso
2014,11,8,8,0,Lotus F1
2014,11,9,2,0,Marussia
2014,11,10,0,0,Sauber
2014,11,11,0,0,Caterham
2014,12,1,411,9,Mercedes
2014,12,2,254,3,Red Bull
2014,12,3,160,0,Ferrari
2014,12,4,150,0,Williams
2014,12,5,105,0,McLaren
2014,12,6,103,0,Force India
2014,12,7,19,0,Toro Rosso
2014,12,8,8,0,Lotus F1
2014,12,9,2,0,Marussia
2014,12,10,0,0,Sauber
2014,12,11,0,0,Caterham
2014,13,1,454,10,Mercedes
2014,13,2,272,3,Red Bull
2014,13,3,177,0,Williams
2014,13,4,162,0,Ferrari
2014,13,5,110,0,McLaren
2014,13,6,109,0,Force India
2014,13,7,19,0,Toro Rosso
2014,13,8,8,0,Lotus F1
2014,13,9,2,0,Marussia
2014,13,10,0,0,Sauber
2014,13,11,0,0,Caterham
2014,14,1,479,11,Mercedes
2014,14,2,305,3,Red Bull
2014,14,3,187,0,Williams
2014,14,4,178,0,Ferrari
2014,14,5,117,0,Force India
2014,14,6,111,0,McLaren
2014,14,7,27,0,Toro Rosso
2014,14,8,8,0,Lotus F1
2014,14,9,2,0,Marussia
2014,14,10,0,0,Sauber
2014,14,11,0,0,Caterham
2014,15,1,522,12,Mercedes
2014,15,2,332,3,Red Bull
2014,15,3,201,0,Williams
2014,15,4,178,0,Ferrari
2014,15,5,122,0,Force India
2014,15,6,121,0,McLaren
2014,15,7,29,0,Toro Rosso
2014,15,8,8,0,Lotus F1
2014,15,9,2,0,Marussia
2014,15,10,0,0,Sauber
2014,15,11,0,0,Caterham
2014,16,1,565,13,Mercedes
2014,16,2,342,3,Red Bull
2014,16,3,216,0,Williams
2014,16,4,188,0,Ferrari
2014,16,5,143,0,McLaren
2014,16,6,123,0,Force India
2014,16,7,29,0,Toro Rosso
2014,16,8,8,0,Lotus F1
2014,16,9,2,0,Marussia
2014,16,10,0,0,Sauber
2014,16,11,0,0,Caterham
2014,17,1,608,14,Mercedes
2014,17,2,363,3,Red Bull
2014,17,3,238,0,Williams
2014,17,4,196,0,Ferrari
2014,17,5,147,0,McLaren
2014,17,6,123,0,Force India
2014,17,7,30,0,Toro Rosso
2014,17,8,10,0,Lotus F1
2014,17,9,2,0,Marussia
2014,17,10,0,0,Sauber
2014,17,11,0,0,Caterham
2014,18,1,651,15,Mercedes
2014,18,2,373,3,Red Bull
2014,18,3,254,0,Williams
2014,18,4,210,0,Ferrari
2014,18,5,161,0,McLaren
2014,18,6,127,0,Force India
2014,18,7,30,0,Toro Rosso
2014,18,8,10,0,Lotus F1
2014,18,9,2,0,Marussia
2014,18,10,0,0,Sauber
2014,18,11,0,0,Caterham
2014,19,1,701,16,Mercedes
2014,19,2,405,3,Red Bull
2014,19,3,320,0,Williams
2014,19,4,216,0,Ferrari
2014,19,5,181,0,McLaren
2014,19,6,155,0,Force India
2014,19,7,30,0,Toro Rosso
2014,19,8,10,0,Lotus F1
2014,19,9,2,0,Marussia
2014,19,10,0,0,Sauber
2014,19,11,0,0,Caterham
2015,1,1,43,1,Mercedes
2015,1,2,15,0,Ferrari
2015,1,3,14,0,Sauber
2015,1,4,12,0,Williams
2015,1,5,8,0,Red Bull
2015,1,6,7,0,Force India
2015,1,7,2,0,Toro Rosso
2015,1,8,0,0,McLaren
2015,1,9,0,0,Lotus F1
2015,2,1,76,1,Mercedes
2015,2,2,52,1,Ferrari
2015,2,3,30,0,Williams
2015,2,4,14,0,Sauber
2015,2,5,12,0,Toro Rosso
2015,2,6,11,0,Red Bull
2015,2,7,7,0,Force India
2015,2,8,0,0,Lotus F1
2015,2,9,0,0,McLaren
2015,2,10,0,0,Manor Marussia
2015,3,1,119,2,Mercedes
2015,3,2,79,1,Ferrari
2015,3,3,48,0,Williams
2015,3,4,19,0,Sauber
2015,3,5,13,0,Red Bull
2015,3,6,12,0,Toro Rosso
2015,3,7,7,0,Force India
2015,3,8,6,0,Lotus F1
2015,3,9,0,0,McLaren
2015,3,10,0,0,Manor Marussia
2015,4,1,159,3,Mercedes
2015,4,2,107,1,Ferrari
2015,4,3,61,0,Williams
2015,4,4,23,0,Red Bull
2015,4,5,19,0,Sauber
2015,4,6,12,0,Lotus F1
2015,4,7,12,0,Toro Rosso
2015,4,8,11,0,Force India
2015,4,9,0,0,McLaren
2015,4,10,0,0,Manor Marussia
2015,5,1,202,4,Mercedes
2015,5,2,132,1,Ferrari
2015,5,3,81,0,Williams
2015,5,4,30,0,Red Bull
2015,5,5,19,0,Sauber
2015,5,6,16,0,Lotus F1
2015,5,7,14,0,Toro Rosso
2015,5,8,11,0,Force India
2015,5,9,0,0,McLaren
2015,5,10,0,0,Manor Marussia
2015,6,1,242,5,Mercedes
2015,6,2,158,1,Ferrari
2015,6,3,81,0,Williams
2015,6,4,52,0,Red Bull
2015,6,5,21,0,Sauber
2015,6,6,17,0,Force India
2015,6,7,16,0,Lotus F1
2015,6,8,15,0,Toro Rosso
2015,6,9,4,0,McLaren
2015,6,10,0,0,Manor Marussia
2015,7,1,285,6,Mercedes
2015,7,2,180,1,Ferrari
2015,7,3,104,0,Williams
2015,7,4,54,0,Red Bull
2015,7,5,23,0,Lotus F1
2015,7,6,21,0,Sauber
2015,7,7,21,0,Force India
2015,7,8,15,0,Toro Rosso
2015,7,9,4,0,McLaren
2015,7,10,0,0,Manor Marussia
2015,8,1,328,7,Mercedes
2015,8,2,192,1,Ferrari
2015,8,3,129,0,Williams
2015,8,4,55,0,Red Bull
2015,8,5,31,0,Force India
2015,8,6,29,0,Lotus F1
2015,8,7,21,0,Sauber
2015,8,8,19,0,Toro Rosso
2015,8,9,4,0,McLaren
2015,8,10,0,0,Manor Marussia
2015,9,1,371,8,Mercedes
2015,9,2,211,1,Ferrari
2015,9,3,151,0,Williams
2015,9,4,63,0,Red Bull
2015,9,5,39,0,Force India
2015,9,6,29,0,Lotus F1
2015,9,7,21,0,Sauber
2015,9,8,19,0,Toro Rosso
2015,9,9,5,0,McLaren
2015,9,10,0,0,Manor Marussia
2015,10,1,383,8,Mercedes
2015,10,2,236,2,Ferrari
2015,10,3,151,0,Williams
2015,10,4,96,0,Red Bull
2015,10,5,39,0,Force India
2015,10,6,35,0,Lotus F1
2015,10,7,31,0,Toro Rosso
2015,10,8,22,0,Sauber
2015,10,9,17,0,McLaren
2015,10,10,0,0,Manor Marussia
2015,11,1,426,9,Mercedes
2015,11,2,242,2,Ferrari
2015,11,3,161,0,Williams
2015,11,4,108,0,Red Bull
2015,11,5,50,0,Lotus F1
2015,11,6,49,0,Force India
2015,11,7,35,0,Toro Rosso
2015,11,8,23,0,Sauber
2015,11,9,17,0,McLaren
2015,11,10,0,0,Manor Marussia
2015,12,1,451,10,Mercedes
2015,12,2,270,2,Ferrari
2015,12,3,188,0,Williams
2015,12,4,113,0,Red Bull
2015,12,5,63,0,Force India
2015,12,6,50,0,Lotus F1
2015,12,7,35,0,Toro Rosso
2015,12,8,25,0,Sauber
2015,12,9,17,0,McLaren
2015,12,10,0,0,Manor Marussia
2015,13,1,463,10,Mercedes
2015,13,2,310,3,Ferrari
2015,13,3,198,0,Williams
2015,13,4,139,0,Red Bull
2015,13,5,69,0,Force India
2015,13,6,50,0,Lotus F1
2015,13,7,41,0,Toro Rosso
2015,13,8,26,0,Sauber
2015,13,9,17,0,McLaren
2015,13,10,0,0,Manor Marussia
2015,14,1,506,11,Mercedes
2015,14,2,337,3,Ferrari
2015,14,3,208,0,Williams
2015,14,4,139,0,Red Bull
2015,14,5,77,0,Force India
2015,14,6,60,0,Lotus F1
2015,14,7,44,0,Toro Rosso
2015,14,8,26,0,Sauber
2015,14,9,17,0,McLaren
2015,14,10,0,0,Manor Marussia
2015,15,1,531,12,Mercedes
2015,15,2,359,3,Ferrari
2015,15,3,220,0,Williams
2015,15,4,149,0,Red Bull
2015,15,5,92,0,Force India
2015,15,6,66,0,Lotus F1
2015,15,7,45,0,Toro Rosso
2015,15,8,34,0,Sauber
2015,15,9,19,0,McLaren
2015,15,10,0,0,Manor Marussia
2015,16,1,574,13,Mercedes
2015,16,2,374,3,Ferrari
2015,16,3,220,0,Williams
2015,16,4,150,0,Red Bull
2015,16,5,102,0,Force India
2015,16,6,70,0,Lotus F1
2015,16,7,63,0,Toro Rosso
2015,16,8,36,0,Sauber
2015,16,9,27,0,McLaren
2015,16,10,0,0,Manor Marussia
2015,17,1,617,14,Mercedes
2015,17,2,374,3,Ferrari
2015,17,3,243,0,Williams
2015,17,4,172,0,Red Bull
2015,17,5,112,0,Force India
2015,17,6,71,0,Lotus F1
2015,17,7,65,0,Toro Rosso
2015,17,8,36,0,Sauber
2015,17,9,27,0,McLaren
2015,17,10,0,0,Manor Marussia
2015,18,1,660,15,Mercedes
2015,18,2,401,3,Ferrari
2015,18,3,253,0,Williams
2015,18,4,178,0,Red Bull
2015,18,5,120,0,Force India
2015,18,6,76,0,Lotus F1
2015,18,7,67,0,Toro Rosso
2015,18,8,36,0,Sauber
2015,18,9,27,0,McLaren
2015,18,10,0,0,Manor Marussia
2015,19,1,703,16,Mercedes
2015,19,2,428,3,Ferrari
2015,19,3,257,0,Williams
2015,19,4,187,0,Red Bull
2015,19,5,136,0,Force India
2015,19,6,78,0,Lotus F1
2015,19,7,67,0,Toro Rosso
2015,19,8,36,0,Sauber
2015,19,9,27,0,McLaren
2015,19,10,0,0,Manor Marussia
2016,1,1,43,1,Mercedes
2016,1,2,15,0,Ferrari
2016,1,3,14,0,Williams
2016,1,4,12,0,Red Bull
2016,1,5,8,0,Haas F1 Team
2016,1,6,6,0,Force India
2016,1,7,3,0,Toro Rosso
2016,1,8,0,0,Renault
2016,1,9,0,0,McLaren
2016,1,10,0,0,Sauber
2016,1,11,0,0,Manor Marussia
2016,2,1,83,2,Mercedes
2016,2,2,33,0,Ferrari
2016,2,3,30,0,Red Bull
2016,2,4,20,0,Williams
2016,2,5,18,0,Haas F1 Team
2016,2,6,11,0,Toro Rosso
2016,2,7,6,0,Force India
2016,2,8,1,0,McLaren
2016,2,9,0,0,Renault
2016,2,10,0,0,Sauber
2016,2,11,0,0,Manor Marussia
2016,3,1,114,3,Mercedes
2016,3,2,61,0,Ferrari
2016,3,3,57,0,Red Bull
2016,3,4,29,0,Williams
2016,3,5,18,0,Haas F1 Team
2016,3,6,17,0,Toro Rosso
2016,3,7,6,0,Force India
2016,3,8,1,0,McLaren
2016,3,9,0,0,Renault
2016,3,10,0,0,Sauber
2016,3,11,0,0,Manor Marussia
2016,4,1,157,4,Mercedes
2016,4,2,76,0,Ferrari
2016,4,3,57,0,Red Bull
2016,4,4,51,0,Williams
2016,4,5,22,0,Haas F1 Team
2016,4,6,17,0,Toro Rosso
2016,4,7,10,0,McLaren
2016,4,8,8,0,Force India
2016,4,9,6,0,Renault
2016,4,10,0,0,Sauber
2016,4,11,0,0,Manor Marussia
2016,5,1,157,4,Mercedes
2016,5,2,109,0,Ferrari
2016,5,3,94,1,Red Bull
2016,5,4,65,0,Williams
2016,5,5,26,0,Toro Rosso
2016,5,6,22,0,Haas F1 Team
2016,5,7,14,0,Force India
2016,5,8,12,0,McLaren
2016,5,9,6,0,Renault
2016,5,10,0,0,Sauber
2016,5,11,0,0,Manor Marussia
2016,6,1,188,5,Mercedes
2016,6,2,121,0,Ferrari
2016,6,3,112,1,Red Bull
2016,6,4,66,0,Williams
2016,6,5,37,0,Force India
2016,6,6,30,0,Toro Rosso
2016,6,7,24,0,McLaren
2016,6,8,22,0,Haas F1 Team
2016,6,9,6,0,Renault
2016,6,10,0,0,Sauber
2016,6,11,0,0,Manor Marussia
2016,7,1,223,6,Mercedes
2016,7,2,147,0,Ferrari
2016,7,3,130,1,Red Bull
2016,7,4,81,0,Williams
2016,7,5,42,0,Force India
2016,7,6,32,0,Toro Rosso
2016,7,7,24,0,McLaren
2016,7,8,22,0,Haas F1 Team
2016,7,9,6,0,Renault
2016,7,10,0,0,Sauber
2016,7,11,0,0,Manor Marussia
2016,8,1,258,7,Mercedes
2016,8,2,177,0,Ferrari
2016,8,3,140,1,Red Bull
2016,8,4,90,0,Williams
2016,8,5,59,0,Force India
2016,8,6,32,0,Toro Rosso
2016,8,7,24,0,McLaren
2016,8,8,22,0,Haas F1 Team
2016,8,9,6,0,Renault
2016,8,10,0,0,Sauber
2016,8,11,0,0,Manor Marussia
2016,9,1,295,8,Mercedes
2016,9,2,192,0,Ferrari
2016,9,3,168,1,Red Bull
2016,9,4,92,0,Williams
2016,9,5,59,0,Force India
2016,9,6,36,0,Toro Rosso
2016,9,7,32,0,McLaren
2016,9,8,28,0,Haas F1 Team
2016,9,9,6,0,Renault
2016,9,10,1,0,Manor Marussia
2016,9,11,0,0,Sauber
2016,10,1,335,9,Mercedes
2016,10,2,204,0,Ferrari
2016,10,3,198,1,Red Bull
2016,10,4,92,0,Williams
2016,10,5,73,0,Force India
2016,10,6,41,0,Toro Rosso
2016,10,7,32,0,McLaren
2016,10,8,28,0,Haas F1 Team
2016,10,9,6,0,Renault
2016,10,10,1,0,Manor Marussia
2016,10,11,0,0,Sauber
2016,11,1,378,10,Mercedes
2016,11,2,224,0,Ferrari
2016,11,3,223,1,Red Bull
2016,11,4,94,0,Williams
2016,11,5,74,0,Force India
2016,11,6,45,0,Toro Rosso
2016,11,7,38,0,McLaren
2016,11,8,28,0,Haas F1 Team
2016,11,9,6,0,Renault
2016,11,10,1,0,Manor Marussia
2016,11,11,0,0,Sauber
2016,12,1,415,11,Mercedes
2016,12,2,256,1,Red Bull
2016,12,3,242,0,Ferrari
2016,12,4,96,0,Williams
2016,12,5,81,0,Force India
2016,12,6,45,0,Toro Rosso
2016,12,7,42,0,McLaren
2016,12,8,28,0,Haas F1 Team
2016,12,9,6,0,Renault
2016,12,10,1,0,Manor Marussia
2016,12,11,0,0,Sauber
2016,13,1,455,12,Mercedes
2016,13,2,274,1,Red Bull
2016,13,3,252,0,Ferrari
2016,13,4,103,0,Force India
2016,13,5,101,0,Williams
2016,13,6,48,0,McLaren
2016,13,7,45,0,Toro Rosso
2016,13,8,28,0,Haas F1 Team
2016,13,9,6,0,Renault
2016,13,10,1,0,Manor Marussia
2016,13,11,0,0,Sauber
2016,14,1,498,13,Mercedes
2016,14,2,290,1,Red Bull
2016,14,3,279,0,Ferrari
2016,14,4,111,0,Williams
2016,14,5,108,0,Force India
2016,14,6,48,0,McLaren
2016,14,7,45,0,Toro Rosso
2016,14,8,28,0,Haas F1 Team
2016,14,9,6,0,Renault
2016,14,10,1,0,Manor Marussia
2016,14,11,0,0,Sauber
2016,15,1,538,14,Mercedes
2016,15,2,316,1,Red Bull
2016,15,3,301,0,Ferrari
2016,15,4,112,0,Force India
2016,15,5,111,0,Williams
2016,15,6,54,0,McLaren
2016,15,7,47,0,Toro Rosso
2016,15,8,28,0,Haas F1 Team
2016,15,9,7,0,Renault
2016,15,10,1,0,Manor Marussia
2016,15,11,0,0,Sauber
2016,16,1,553,14,Mercedes
2016,16,2,359,2,Red Bull
2016,16,3,313,0,Ferrari
2016,16,4,124,0,Force India
2016,16,5,121,0,Williams
2016,16,6,62,0,McLaren
2016,16,7,47,0,Toro Rosso
2016,16,8,28,0,Haas F1 Team
2016,16,9,8,0,Renault
2016,16,10,1,0,Manor Marussia
2016,16,11,0,0,Sauber
2016,17,1,593,15,Mercedes
2016,17,2,385,2,Red Bull
2016,17,3,335,0,Ferrari
2016,17,4,134,0,Force India
2016,17,5,124,0,Williams
2016,17,6,62,0,McLaren
2016,17,7,47,0,Toro Rosso
2016,17,8,28,0,Haas F1 Team
2016,17,9,8,0,Renault
2016,17,10,1,0,Manor Marussia
2016,17,11,0,0,Sauber
2016,18,1,636,16,Mercedes
2016,18,2,400,2,Red Bull
2016,18,3,347,0,Ferrari
2016,18,4,138,0,Force India
2016,18,5,130,0,Williams
2016,18,6,74,0,McLaren
2016,18,7,55,0,Toro Rosso
2016,18,8,29,0,Haas F1 Team
2016,18,9,8,0,Renault
2016,18,10,1,0,Manor Marussia
2016,18,11,0,0,Sauber
2016,19,1,679,17,Mercedes
2016,19,2,427,2,Red Bull
2016,19,3,365,0,Ferrari
2016,19,4,145,0,Force India
2016,19,5,136,0,Williams
2016,19,6,74,0,McLaren
2016,19,7,55,0,Toro Rosso
2016,19,8,29,0,Haas F1 Team
2016,19,9,8,0,Renault
2016,19,10,1,0,Manor Marussia
2016,19,11,0,0,Sauber
2016,20,1,722,18,Mercedes
2016,20,2,446,2,Red Bull
2016,20,3,375,0,Ferrari
2016,20,4,163,0,Force India
2016,20,5,136,0,Williams
2016,20,6,75,0,McLaren
2016,20,7,63,0,Toro Rosso
2016,20,8,29,0,Haas F1 Team
2016,20,9,8,0,Renault
2016,20,10,2,0,Sauber
2016,20,11,1,0,Manor Marussia
2016,21,1,765,19,Mercedes
2016,21,2,468,2,Red Bull
2016,21,3,398,0,Ferrari
2016,21,4,173,0,Force India
2016,21,5,138,0,Williams
2016,21,6,76,0,McLaren
2016,21,7,63,0,Toro Rosso
2016,21,8,29,0,Haas F1 Team
2016,21,9,8,0,Renault
2016,21,10,2,0,Sauber
2016,21,11,1,0,Manor Marussia
2017,1,1,37,1,Ferrari
2017,1,2,33,0,Mercedes
2017,1,3,10,0,Red Bull
2017,1,4,8,0,Williams
2017,1,5,7,0,Force India
2017,1,6,6,0,Toro Rosso
2017,1,7,0,0,Renault
2017,1,8,0,0,Sauber
2017,1,9,0,0,McLaren
2017,1,10,0,0,Haas F1 Team
2017,2,1,66,1,Mercedes
2017,2,2,65,1,Ferrari
2017,2,3,37,0,Red Bull
2017,2,4,12,0,Toro Rosso
2017,2,5,10,0,Force India
2017,2,6,8,0,Williams
2017,2,7,4,0,Haas F1 Team
2017,2,8,0,0,Renault
2017,2,9,0,0,Sauber
2017,2,10,0,0,McLaren
2017,3,1,102,2,Ferrari
2017,3,2,99,1,Mercedes
2017,3,3,47,0,Red Bull
2017,3,4,17,0,Force India
2017,3,5,16,0,Williams
2017,3,6,12,0,Toro Rosso
2017,3,7,8,0,Haas F1 Team
2017,3,8,2,0,Renault
2017,3,9,0,0,Sauber
2017,3,10,0,0,McLaren
2017,4,1,136,2,Mercedes
2017,4,2,135,2,Ferrari
2017,4,3,57,0,Red Bull
2017,4,4,31,0,Force India
2017,4,5,18,0,Williams
2017,4,6,13,0,Toro Rosso
2017,4,7,8,0,Haas F1 Team
2017,4,8,6,0,Renault
2017,4,9,0,0,Sauber
2017,4,10,0,0,McLaren
2017,5,1,161,3,Mercedes
2017,5,2,153,2,Ferrari
2017,5,3,72,0,Red Bull
2017,5,4,53,0,Force India
2017,5,5,21,0,Toro Rosso
2017,5,6,18,0,Williams
2017,5,7,14,0,Renault
2017,5,8,9,0,Haas F1 Team
2017,5,9,4,0,Sauber
2017,5,10,0,0,McLaren
2017,6,1,196,3,Ferrari
2017,6,2,179,3,Mercedes
2017,6,3,97,0,Red Bull
2017,6,4,53,0,Force India
2017,6,5,29,0,Toro Rosso
2017,6,6,20,0,Williams
2017,6,7,14,0,Renault
2017,6,8,14,0,Haas F1 Team
2017,6,9,4,0,Sauber
2017,6,10,0,0,McLaren
2017,7,1,222,4,Mercedes
2017,7,2,214,3,Ferrari
2017,7,3,112,0,Red Bull
2017,7,4,71,0,Force India
2017,7,5,29,0,Toro Rosso
2017,7,6,22,0,Williams
2017,7,7,18,0,Renault
2017,7,8,15,0,Haas F1 Team
2017,7,9,4,0,Sauber
2017,7,10,0,0,McLaren
2017,8,1,250,4,Mercedes
2017,8,2,226,3,Ferrari
2017,8,3,137,1,Red Bull
2017,8,4,79,0,Force India
2017,8,5,37,0,Williams
2017,8,6,33,0,Toro Rosso
2017,8,7,21,0,Haas F1 Team
2017,8,8,18,0,Renault
2017,8,9,5,0,Sauber
2017,8,10,2,0,McLaren
2017,9,1,287,5,Mercedes
2017,9,2,254,3,Ferrari
2017,9,3,152,1,Red Bull
2017,9,4,89,0,Force India
2017,9,5,40,0,Williams
2017,9,6,33,0,Toro Rosso
2017,9,7,29,0,Haas F1 Team
2017,9,8,18,0,Renault
2017,9,9,5,0,Sauber
2017,9,10,2,0,McLaren
2017,10,1,330,6,Mercedes
2017,10,2,275,3,Ferrari
2017,10,3,174,1,Red Bull
2017,10,4,95,0,Force India
2017,10,5,41,0,Williams
2017,10,6,33,0,Toro Rosso
2017,10,7,29,0,Haas F1 Team
2017,10,8,26,0,Renault
2017,10,9,5,0,Sauber
2017,10,10,2,0,McLaren
2017,11,1,357,6,Mercedes
2017,11,2,318,4,Ferrari
2017,11,3,184,1,Red Bull
2017,11,4,101,0,Force India
2017,11,5,41,0,Williams
2017,11,6,39,0,Toro Rosso
2017,11,7,29,0,Haas F1 Team
2017,11,8,26,0,Renault
2017,11,9,11,0,McLaren
2017,11,10,5,0,Sauber
2017,12,1,392,7,Mercedes
2017,12,2,348,4,Ferrari
2017,12,3,199,1,Red Bull
2017,12,4,103,0,Force India
2017,12,5,45,0,Williams
2017,12,6,40,0,Toro Rosso
2017,12,7,35,0,Haas F1 Team
2017,12,8,34,0,Renault
2017,12,9,11,0,McLaren
2017,12,10,5,0,Sauber
2017,13,1,435,8,Mercedes
2017,13,2,373,4,Ferrari
2017,13,3,212,1,Red Bull
2017,13,4,113,0,Force India
2017,13,5,55,0,Williams
2017,13,6,40,0,Toro Rosso
2017,13,7,35,0,Haas F1 Team
2017,13,8,34,0,Renault
2017,13,9,11,0,McLaren
2017,13,10,5,0,Sauber
2017,14,1,475,9,Mercedes
2017,14,2,373,4,Ferrari
2017,14,3,230,1,Red Bull
2017,14,4,124,0,Force India
2017,14,5,59,0,Williams
2017,14,6,52,0,Toro Rosso
2017,14,7,42,0,Renault
2017,14,8,37,0,Haas F1 Team
2017,14,9,17,0,McLaren
2017,14,10,5,0,Sauber
2017,15,1,503,9,Mercedes
2017,15,2,385,4,Ferrari
2017,15,3,270,2,Red Bull
2017,15,4,133,0,Force India
2017,15,5,65,0,Williams
2017,15,6,52,0,Toro Rosso
2017,15,7,42,0,Renault
2017,15,8,37,0,Haas F1 Team
2017,15,9,23,0,McLaren
2017,15,10,5,0,Sauber
2017,16,1,540,10,Mercedes
2017,16,2,395,4,Ferrari
2017,16,3,303,2,Red Bull
2017,16,4,147,0,Force India
2017,16,5,66,0,Williams
2017,16,6,52,0,Toro Rosso
2017,16,7,43,0,Haas F1 Team
2017,16,8,42,0,Renault
2017,16,9,23,0,McLaren
2017,16,10,5,0,Sauber
2017,17,1,575,11,Mercedes
2017,17,2,428,4,Ferrari
2017,17,3,315,2,Red Bull
2017,17,4,159,0,Force India
2017,17,5,68,0,Williams
2017,17,6,53,0,Toro Rosso
2017,17,7,48,0,Renault
2017,17,8,43,0,Haas F1 Team
2017,17,9,23,0,McLaren
2017,17,10,5,0,Sauber
2017,18,1,595,11,Mercedes
2017,18,2,455,4,Ferrari
2017,18,3,340,3,Red Bull
2017,18,4,175,0,Force India
2017,18,5,76,0,Williams
2017,18,6,53,0,Toro Rosso
2017,18,7,48,0,Renault
2017,18,8,47,0,Haas F1 Team
2017,18,9,24,0,McLaren
2017,18,10,5,0,Sauber
2017,19,1,625,11,Mercedes
2017,19,2,495,5,Ferrari
2017,19,3,358,3,Red Bull
2017,19,4,177,0,Force India
2017,19,5,82,0,Williams
2017,19,6,53,0,Toro Rosso
2017,19,7,49,0,Renault
2017,19,8,47,0,Haas F1 Team
2017,19,9,28,0,McLaren
2017,19,10,5,0,Sauber
2017,20,1,668,12,Mercedes
2017,20,2,522,5,Ferrari
2017,20,3,368,3,Red Bull
2017,20,4,187,0,Force India
2017,20,5,83,0,Williams
2017,20,6,57,0,Renault
2017,20,7,53,0,Toro Rosso
2017,20,8,47,0,Haas F1 Team
2017,20,9,30,0,McLaren
2017,20,10,5,0,Sauber
2018,1,1,40,1,Ferrari
2018,1,2,22,0,Mercedes
2018,1,3,20,0,Red Bull
2018,1,4,12,0,McLaren
2018,1,5,7,0,Renault
2018,1,6,0,0,Force India
2018,1,7,0,0,Sauber
2018,1,8,0,0,Williams
2018,1,9,0,0,Toro Rosso
2018,1,10,0,0,Haas F1 Team
2018,2,1,65,2,Ferrari
2018,2,2,55,0,Mercedes
2018,2,3,22,0,McLaren
2018,2,4,20,0,Red Bull
2018,2,5,15,0,Renault
2018,2,6,12,0,Toro Rosso
2018,2,7,10,0,Haas F1 Team
2018,2,8,2,0,Sauber
2018,2,9,1,0,Force India
2018,2,10,0,0,Williams
2018,3,1,85,0,Mercedes
2018,3,2,84,2,Ferrari
2018,3,3,55,1,Red Bull
2018,3,4,28,0,McLaren
2018,3,5,25,0,Renault
2018,3,6,12,0,Toro Rosso
2018,3,7,11,0,Haas F1 Team
2018,3,8,2,0,Sauber
2018,3,9,1,0,Force India
2018,3,10,0,0,Williams
2018,4,1,114,2,Ferrari
2018,4,2,110,1,Mercedes
2018,4,3,55,1,Red Bull
2018,4,4,36,0,McLaren
2018,4,5,35,0,Renault
2018,4,6,16,0,Force India
2018,4,7,13,0,Toro Rosso
2018,4,8,11,0,Haas F1 Team
2018,4,9,10,0,Sauber
2018,4,10,4,0,Williams
2018,5,1,153,2,Mercedes
2018,5,2,126,2,Ferrari
2018,5,3,80,1,Red Bull
2018,5,4,41,0,Renault
2018,5,5,40,0,McLaren
2018,5,6,19,0,Haas F1 Team
2018,5,7,18,0,Force India
2018,5,8,13,0,Toro Rosso
2018,5,9,11,0,Sauber
2018,5,10,4,0,Williams
2018,6,1,178,2,Mercedes
2018,6,2,156,2,Ferrari
2018,6,3,107,2,Red Bull
2018,6,4,46,0,Renault
2018,6,5,40,0,McLaren
2018,6,6,26,0,Force India
2018,6,7,19,0,Toro Rosso
2018,6,8,19,0,Haas F1 Team
2018,6,9,11,0,Sauber
2018,6,10,4,0,Williams
2018,7,1,206,2,Mercedes
2018,7,2,189,3,Ferrari
2018,7,3,134,2,Red Bull
2018,7,4,56,0,Renault
2018,7,5,40,0,McLaren
2018,7,6,28,0,Force India
2018,7,7,19,0,Toro Rosso
2018,7,8,19,0,Haas F1 Team
2018,7,9,12,0,Sauber
2018,7,10,4,0,Williams
2018,8,1,237,3,Mercedes
2018,8,2,214,3,Ferrari
2018,8,3,164,2,Red Bull
2018,8,4,62,0,Renault
2018,8,5,40,0,McLaren
2018,8,6,28,0,Force India
2018,8,7,27,0,Haas F1 Team
2018,8,8,19,0,Toro Rosso
2018,8,9,13,0,Sauber
2018,8,10,4,0,Williams
2018,9,1,247,3,Ferrari
2018,9,2,237,3,Mercedes
2018,9,3,189,3,Red Bull
2018,9,4,62,0,Renault
2018,9,5,49,0,Haas F1 Team
2018,9,6,44,0,McLaren
2018,9,7,42,0,Force India
2018,9,8,19,0,Toro Rosso
2018,9,9,16,0,Sauber
2018,9,10,4,0,Williams
2018,10,1,287,4,Ferrari
2018,10,2,267,3,Mercedes
2018,10,3,199,3,Red Bull
2018,10,4,70,0,Renault
2018,10,5,51,0,Haas F1 Team
2018,10,6,49,0,Force India
2018,10,7,48,0,McLaren
2018,10,8,19,0,Toro Rosso
2018,10,9,16,0,Sauber
2018,10,10,4,0,Williams
2018,11,1,310,4,Mercedes
2018,11,2,302,4,Ferrari
2018,11,3,211,3,Red Bull
2018,11,4,80,0,Renault
2018,11,5,59,0,Force India
2018,11,6,59,0,Haas F1 Team
2018,11,7,48,0,McLaren
2018,11,8,20,0,Toro Rosso
2018,11,9,18,0,Sauber
2018,11,10,4,0,Williams
2018,12,1,345,5,Mercedes
2018,12,2,335,4,Ferrari
2018,12,3,223,3,Red Bull
2018,12,4,82,0,Renault
2018,12,5,66,0,Haas F1 Team
2018,12,6,59,0,Force India
2018,12,7,52,0,McLaren
2018,12,8,28,0,Toro Rosso
2018,12,9,18,0,Sauber
2018,12,10,4,0,Williams
2018,13,1,375,5,Mercedes
2018,13,2,360,5,Ferrari
2018,13,3,238,3,Red Bull
2018,13,4,82,0,Renault
2018,13,5,76,0,Haas F1 Team
2018,13,6,52,0,McLaren
2018,13,7,30,0,Toro Rosso
2018,13,8,19,0,Sauber
2018,13,9,18,0,Force India
2018,13,10,4,0,Williams
2018,14,1,415,6,Mercedes
2018,14,2,390,5,Ferrari
2018,14,3,248,3,Red Bull
2018,14,4,86,0,Renault
2018,14,5,76,0,Haas F1 Team
2018,14,6,52,0,McLaren
2018,14,7,32,0,Force India
2018,14,8,30,0,Toro Rosso
2018,14,9,19,0,Sauber
2018,14,10,7,0,Williams
2018,15,1,452,7,Mercedes
2018,15,2,415,5,Ferrari
2018,15,3,274,3,Red Bull
2018,15,4,91,0,Renault
2018,15,5,76,0,Haas F1 Team
2018,15,6,58,0,McLaren
2018,15,7,32,0,Force India
2018,15,8,30,0,Toro Rosso
2018,15,9,21,0,Sauber
2018,15,10,7,0,Williams
2018,16,1,495,8,Mercedes
2018,16,2,442,5,Ferrari
2018,16,3,292,3,Red Bull
2018,16,4,91,0,Renault
2018,16,5,80,0,Haas F1 Team
2018,16,6,58,0,McLaren
2018,16,7,35,0,Force India
2018,16,8,30,0,Toro Rosso
2018,16,9,27,0,Sauber
2018,16,10,7,0,Williams
2018,17,1,538,9,Mercedes
2018,17,2,460,5,Ferrari
2018,17,3,319,3,Red Bull
2018,17,4,92,0,Renault
2018,17,5,84,0,Haas F1 Team
2018,17,6,58,0,McLaren
2018,17,7,43,0,Force India
2018,17,8,30,0,Toro Rosso
2018,17,9,27,0,Sauber
2018,17,10,7,0,Williams
2018,18,1,563,9,Mercedes
2018,18,2,497,6,Ferrari
2018,18,3,337,3,Red Bull
2018,18,4,106,0,Renault
2018,18,5,84,0,Haas F1 Team
2018,18,6,58,0,McLaren
2018,18,7,47,0,Force India
2018,18,8,32,0,Toro Rosso
2018,18,9,28,0,Sauber
2018,18,10,7,0,Williams
2018,19,1,585,9,Mercedes
2018,19,2,530,6,Ferrari
2018,19,3,362,4,Red Bull
2018,19,4,114,0,Renault
2018,19,5,84,0,Haas F1 Team
2018,19,6,62,0,McLaren
2018,19,7,47,0,Force India
2018,19,8,36,0,Sauber
2018,19,9,33,0,Toro Rosso
2018,19,10,7,0,Williams
2018,20,1,620,10,Mercedes
2018,20,2,553,6,Ferrari
2018,20,3,392,4,Red Bull
2018,20,4,114,0,Renault
2018,20,5,90,0,Haas F1 Team
2018,20,6,62,0,McLaren
2018,20,7,48,0,Force India
2018,20,8,42,0,Sauber
2018,20,9,33,0,Toro Rosso
2018,20,10,7,0,Williams
2018,21,1,655,11,Mercedes
2018,21,2,571,6,Ferrari
2018,21,3,419,4,Red Bull
2018,21,4,122,0,Renault
2018,21,5,93,0,Haas F1 Team
2018,21,6,62,0,McLaren
2018,21,7,52,0,Force India
2018,21,8,48,0,Sauber
2018,21,9,33,0,Toro Rosso
2018,21,10,7,0,Williams
2019,1,1,44,1,Mercedes
2019,1,2,22,0,Ferrari
2019,1,3,15,0,Red Bull
2019,1,4,8,0,Haas F1 Team
2019,1,5,6,0,Renault
2019,1,6,4,0,Alfa Romeo
2019,1,7,2,0,Racing Point
2019,1,8,1,0,Toro Rosso
2019,1,9,0,0,McLaren
2019,1,10,0,0,Williams
2019,2,1,87,2,Mercedes
2019,2,2,48,0,Ferrari
2019,2,3,31,0,Red Bull
2019,2,4,10,0,Alfa Romeo
2019,2,5,8,0,McLaren
2019,2,6,8,0,Haas F1 Team
2019,2,7,6,0,Renault
2019,2,8,3,0,Toro Rosso
2019,2,9,3,0,Racing Point
2019,2,10,0,0,Williams
2019,3,1,130,3,Mercedes
2019,3,2,73,0,Ferrari
2019,3,3,52,0,Red Bull
2019,3,4,12,0,Renault
2019,3,5,12,0,Alfa Romeo
2019,3,6,8,0,Haas F1 Team
2019,3,7,8,0,McLaren
2019,3,8,7,0,Racing Point
2019,3,9,4,0,Toro Rosso
2019,3,10,0,0,Williams
2019,4,1,173,4,Mercedes
2019,4,2,99,0,Ferrari
2019,4,3,64,0,Red Bull
2019,4,4,18,0,McLaren
2019,4,5,17,0,Racing Point
2019,4,6,13,0,Alfa Romeo
2019,4,7,12,0,Renault
2019,4,8,8,0,Haas F1 Team
2019,4,9,4,0,Toro Rosso
2019,4,10,0,0,Williams
2019,5,1,217,5,Mercedes
2019,5,2,121,0,Ferrari
2019,5,3,87,0,Red Bull
2019,5,4,22,0,McLaren
2019,5,5,17,0,Racing Point
2019,5,6,15,0,Haas F1 Team
2019,5,7,13,0,Alfa Romeo
2019,5,8,12,0,Renault
2019,5,9,6,0,Toro Rosso
2019,5,10,0,0,Williams
2019,6,1,257,6,Mercedes
2019,6,2,139,0,Ferrari
2019,6,3,110,0,Red Bull
2019,6,4,30,0,McLaren
2019,6,5,17,0,Racing Point
2019,6,6,16,0,Haas F1 Team
2019,6,7,16,0,Toro Rosso
2019,6,8,14,0,Renault
2019,6,9,13,0,Alfa Romeo
2019,6,10,0,0,Williams
2019,7,1,295,7,Mercedes
2019,7,2,172,0,Ferrari
2019,7,3,124,0,Red Bull
2019,7,4,30,0,McLaren
2019,7,5,28,0,Renault
2019,7,6,19,0,Racing Point
2019,7,7,17,0,Toro Rosso
2019,7,8,16,0,Haas F1 Team
2019,7,9,13,0,Alfa Romeo
2019,7,10,0,0,Williams
2019,8,1,338,8,Mercedes
2019,8,2,198,0,Ferrari
2019,8,3,137,0,Red Bull
2019,8,4,40,0,McLaren
2019,8,5,32,0,Renault
2019,8,6,19,0,Racing Point
2019,8,7,19,0,Alfa Romeo
2019,8,8,17,0,Toro Rosso
2019,8,9,16,0,Haas F1 Team
2019,8,10,0,0,Williams
2019,9,1,363,8,Mercedes
2019,9,2,228,0,Ferrari
2019,9,3,169,1,Red Bull
2019,9,4,52,0,McLaren
2019,9,5,32,0,Renault
2019,9,6,22,0,Alfa Romeo
2019,9,7,19,0,Racing Point
2019,9,8,17,0,Toro Rosso
2019,9,9,16,0,Haas F1 Team
2019,9,10,0,0,Williams
2019,10,1,407,9,Mercedes
2019,10,2,243,0,Ferrari
2019,10,3,191,1,Red Bull
2019,10,4,60,0,McLaren
2019,10,5,39,0,Renault
2019,10,6,26,0,Alfa Romeo
2019,10,7,19,0,Racing Point
2019,10,8,19,0,Toro Rosso
2019,10,9,16,0,Haas F1 Team
2019,10,10,0,0,Williams
2019,11,1,409,9,Mercedes
2019,11,2,261,0,Ferrari
2019,11,3,217,2,Red Bull
2019,11,4,70,0,McLaren
2019,11,5,42,0,Toro Rosso
2019,11,6,39,0,Renault
2019,11,7,31,0,Racing Point
2019,11,8,26,0,Haas F1 Team
2019,11,9,26,0,Alfa Romeo
2019,11,10,1,0,Williams
2019,12,1,438,10,Mercedes
2019,12,2,288,0,Ferrari
2019,12,3,244,2,Red Bull
2019,12,4,82,0,McLaren
2019,12,5,43,0,Toro Rosso
2019,12,6,39,0,Renault
2019,12,7,32,0,Alfa Romeo
2019,12,8,31,0,Racing Point
2019,12,9,26,0,Haas F1 Team
2019,12,10,1,0,Williams
2019,13,1,471,10,Mercedes
2019,13,2,326,1,Ferrari
2019,13,3,254,2,Red Bull
2019,13,4,82,0,McLaren
2019,13,5,51,0,Toro Rosso
2019,13,6,43,0,Renault
2019,13,7,40,0,Racing Point
2019,13,8,32,0,Alfa Romeo
2019,13,9,26,0,Haas F1 Team
2019,13,10,1,0,Williams
2019,14,1,505,10,Mercedes
2019,14,2,351,2,Ferrari
2019,14,3,266,2,Red Bull
2019,14,4,83,0,McLaren
2019,14,5,65,0,Renault
2019,14,6,51,0,Toro Rosso
2019,14,7,46,0,Racing Point
2019,14,8,34,0,Alfa Romeo
2019,14,9,26,0,Haas F1 Team
2019,14,10,1,0,Williams
2019,15,1,527,10,Mercedes
2019,15,2,394,3,Ferrari
2019,15,3,289,2,Red Bull
2019,15,4,89,0,McLaren
2019,15,5,67,0,Renault
2019,15,6,55,0,Toro Rosso
2019,15,7,46,0,Racing Point
2019,15,8,35,0,Alfa Romeo
2019,15,9,26,0,Haas F1 Team
2019,15,10,1,0,Williams
2019,16,1,571,11,Mercedes
2019,16,2,409,3,Ferrari
2019,16,3,311,2,Red Bull
2019,16,4,101,0,McLaren
2019,16,5,68,0,Renault
2019,16,6,55,0,Toro Rosso
2019,16,7,52,0,Racing Point
2019,16,8,35,0,Alfa Romeo
2019,16,9,28,0,Haas F1 Team
2019,16,10,1,0,Williams
2019,17,1,612,12,Mercedes
2019,17,2,435,3,Ferrari
2019,17,3,323,2,Red Bull
2019,17,4,111,0,McLaren
2019,17,5,68,0,Renault
2019,17,6,62,0,Toro Rosso
2019,17,7,58,0,Racing Point
2019,17,8,35,0,Alfa Romeo
2019,17,9,28,0,Haas F1 Team
2019,17,10,1,0,Williams
2019,18,1,652,13,Mercedes
2019,18,2,466,3,Ferrari
2019,18,3,341,2,Red Bull
2019,18,4,111,0,McLaren
2019,18,5,73,0,Renault
2019,18,6,64,0,Toro Rosso
2019,18,7,64,0,Racing Point
2019,18,8,35,0,Alfa Romeo
2019,18,9,28,0,Haas F1 Team
2019,18,10,1,0,Williams
2019,19,1,695,14,Mercedes
2019,19,2,479,3,Ferrari
2019,19,3,366,2,Red Bull
2019,19,4,121,0,McLaren
2019,19,5,83,0,Renault
2019,19,6,65,0,Racing Point
2019,19,7,64,0,Toro Rosso
2019,19,8,35,0,Alfa Romeo
2019,19,9,28,0,Haas F1 Team
2019,19,10,1,0,Williams
2019,20,1,701,14,Mercedes
2019,20,2,479,3,Ferrari
2019,20,3,391,3,Red Bull
2019,20,4,140,0,McLaren
2019,20,5,91,0,Renault
2019,20,6,83,0,Toro Rosso
2019,20,7,67,0,Racing Point
2019,20,8,57,0,Alfa Romeo
2019,20,9,28,0,Haas F1 Team
2019,20,10,1,0,Williams
2019,21,1,739,15,Mercedes
2019,21,2,504,3,Ferrari
2019,21,3,417,3,Red Bull
2019,21,4,145,0,McLaren
2019,21,5,91,0,Renault
2019,21,6,85,0,Toro Rosso
2019,21,7,73,0,Racing Point
2019,21,8,57,0,Alfa Romeo
2019,21,9,28,0,Haas F1 Team
2019,21,10,1,0,Williams
2020,1,1,37,1,Mercedes
2020,1,2,26,0,McLaren
2020,1,3,19,0,Ferrari
2020,1,4,8,0,Racing Point
2020,1,5,6,0,AlphaTauri
2020,1,6,4,0,Renault
2020,1,7,2,0,Alfa Romeo
2020,1,8,0,0,Williams
2020,1,9,0,0,Red Bull
2020,1,10,0,0,Haas F1 Team
2020,2,1,80,2,Mercedes
2020,2,2,39,0,McLaren
2020,2,3,27,0,Red Bull
2020,2,4,22,0,Racing Point
2020,2,5,19,0,Ferrari
2020,2,6,8,0,Renault
2020,2,7,7,0,AlphaTauri
2020,2,8,2,0,Alfa Romeo
2020,2,9,0,0,Williams
2020,2,10,0,0,Haas F1 Team
2020,3,1,121,3,Mercedes
2020,3,2,55,0,Red Bull
2020,3,3,41,0,McLaren
2020,3,4,40,0,Racing Point
2020,3,5,27,0,Ferrari
2020,3,6,12,0,Renault
2020,3,7,7,0,AlphaTauri
2020,3,8,2,0,Alfa Romeo
2020,3,9,1,0,Haas F1 Team
2020,3,10,0,0,Williams
2020,4,1,146,4,Mercedes
2020,4,2,78,0,Red Bull
2020,4,3,51,0,McLaren
2020,4,4,43,0,Ferrari
2020,4,5,42,0,Racing Point
2020,4,6,32,0,Renault
2020,4,7,13,0,AlphaTauri
2020,4,8,2,0,Alfa Romeo
2020,4,9,1,0,Haas F1 Team
2020,4,10,0,0,Williams
2020,5,1,180,4,Mercedes
2020,5,2,113,1,Red Bull
2020,5,3,55,0,Ferrari
2020,5,4,53,0,McLaren
2020,5,5,41,0,Racing Point
2020,5,6,36,0,Renault
2020,5,7,14,0,AlphaTauri
2020,5,8,2,0,Alfa Romeo
2020,5,9,1,0,Haas F1 Team
2020,5,10,0,0,Williams
2020,6,1,221,5,Mercedes
2020,6,2,135,1,Red Bull
2020,6,3,63,0,Racing Point
2020,6,4,62,0,McLaren
2020,6,5,61,0,Ferrari
2020,6,6,36,0,Renault
2020,6,7,16,0,AlphaTauri
2020,6,8,2,0,Alfa Romeo
2020,6,9,1,0,Haas F1 Team
2020,6,10,0,0,Williams
2020,7,1,264,6,Mercedes
2020,7,2,158,1,Red Bull
2020,7,3,68,0,McLaren
2020,7,4,66,0,Racing Point
2020,7,5,61,0,Ferrari
2020,7,6,59,0,Renault
2020,7,7,20,0,AlphaTauri
2020,7,8,2,0,Alfa Romeo
2020,7,9,1,0,Haas F1 Team
2020,7,10,0,0,Williams
2020,8,1,281,6,Mercedes
2020,8,2,158,1,Red Bull
2020,8,3,98,0,McLaren
2020,8,4,82,0,Racing Point
2020,8,5,71,0,Renault
2020,8,6,61,0,Ferrari
2020,8,7,47,1,AlphaTauri
2020,8,8,2,0,Alfa Romeo
2020,8,9,1,0,Haas F1 Team
2020,8,10,0,0,Williams
2020,9,1,325,7,Mercedes
2020,9,2,173,1,Red Bull
2020,9,3,106,0,McLaren
2020,9,4,92,0,Racing Point
2020,9,5,83,0,Renault
2020,9,6,66,0,Ferrari
2020,9,7,53,1,AlphaTauri
2020,9,8,4,0,Alfa Romeo
2020,9,9,1,0,Haas F1 Team
2020,9,10,0,0,Williams
2020,10,1,366,8,Mercedes
2020,10,2,192,1,Red Bull
2020,10,3,106,0,McLaren
2020,10,4,104,0,Racing Point
2020,10,5,99,0,Renault
2020,10,6,74,0,Ferrari
2020,10,7,59,1,AlphaTauri
2020,10,8,4,0,Alfa Romeo
2020,10,9,1,0,Haas F1 Team
2020,10,10,0,0,Williams
2020,11,1,391,9,Mercedes
2020,11,2,211,1,Red Bull
2020,11,3,120,0,Racing Point
2020,11,4,116,0,McLaren
2020,11,5,114,0,Renault
2020,11,6,80,0,Ferrari
2020,11,7,67,1,AlphaTauri
2020,11,8,5,0,Alfa Romeo
2020,11,9,3,0,Haas F1 Team
2020,11,10,0,0,Williams
2020,12,1,435,10,Mercedes
2020,12,2,226,1,Red Bull
2020,12,3,126,0,Racing Point
2020,12,4,124,0,McLaren
2020,12,5,120,0,Renault
2020,12,6,93,0,Ferrari
2020,12,7,77,1,AlphaTauri
2020,12,8,5,0,Alfa Romeo
2020,12,9,3,0,Haas F1 Team
2020,12,10,0,0,Williams
2020,13,1,479,11,Mercedes
2020,13,2,226,1,Red Bull
2020,13,3,135,0,Renault
2020,13,4,134,0,McLaren
2020,13,5,134,0,Racing Point
2020,13,6,103,0,Ferrari
2020,13,7,89,1,AlphaTauri
2020,13,8,8,0,Alfa Romeo
2020,13,9,3,0,Haas F1 Team
2020,13,10,0,0,Williams
2020,14,1,504,12,Mercedes
2020,14,2,240,1,Red Bull
2020,14,3,154,0,Racing Point
2020,14,4,149,0,McLaren
2020,14,5,136,0,Renault
2020,14,6,130,0,Ferrari
2020,14,7,89,1,AlphaTauri
2020,14,8,8,0,Alfa Romeo
2020,14,9,3,0,Haas F1 Team
2020,14,10,0,0,Williams
2020,15,1,533,13,Mercedes
2020,15,2,274,1,Red Bull
2020,15,3,171,0,McLaren
2020,15,4,154,0,Racing Point
2020,15,5,144,0,Renault
2020,15,6,131,0,Ferrari
2020,15,7,97,1,AlphaTauri
2020,15,8,8,0,Alfa Romeo
2020,15,9,3,0,Haas F1 Team
2020,15,10,0,0,Williams
2020,16,1,540,13,Mercedes
2020,16,2,282,1,Red Bull
2020,16,3,194,1,Racing Point
2020,16,4,184,0,McLaren
2020,16,5,172,0,Renault
2020,16,6,131,0,Ferrari
2020,16,7,103,1,AlphaTauri
2020,16,8,8,0,Alfa Romeo
2020,16,9,3,0,Haas F1 Team
2020,16,10,0,0,Williams
2020,17,1,573,13,Mercedes
2020,17,2,319,2,Red Bull
2020,17,3,202,0,McLaren
2020,17,4,195,1,Racing Point
2020,17,5,181,0,Renault
2020,17,6,131,0,Ferrari
2020,17,7,107,1,AlphaTauri
2020,17,8,8,0,Alfa Romeo
2020,17,9,3,0,Haas F1 Team
2020,17,10,0,0,Williams
2021,1,1,41,1,Mercedes
2021,1,2,28,0,Red Bull
2021,1,3,18,0,McLaren
2021,1,4,12,0,Ferrari
2021,1,5,2,0,AlphaTauri
2021,1,6,1,0,Aston Martin
2021,1,7,0,0,Alfa Romeo
2021,1,8,0,0,Alpine F1 Team
2021,1,9,0,0,Williams
2021,1,10,0,0,Haas F1 Team
2021,2,1,60,1,Mercedes
2021,2,2,53,1,Red Bull
2021,2,3,41,0,McLaren
2021,2,4,34,0,Ferrari
2021,2,5,8,0,AlphaTauri
2021,2,6,5,0,Aston Martin
2021,2,7,3,0,Alpine F1 Team
2021,2,8,0,0,Alfa Romeo
2021,2,9,0,0,Williams
2021,2,10,0,0,Haas F1 Team
2021,3,1,101,2,Mercedes
2021,3,2,83,1,Red Bull
2021,3,3,53,0,McLaren
2021,3,4,42,0,Ferrari
2021,3,5,13,0,Alpine F1 Team
2021,3,6,9,0,AlphaTauri
2021,3,7,5,0,Aston Martin
2021,3,8,0,0,Alfa Romeo
2021,3,9,0,0,Williams
2021,3,10,0,0,Haas F1 Team
2021,4,1,141,3,Mercedes
2021,4,2,112,1,Red Bull
2021,4,3,65,0,McLaren
2021,4,4,60,0,Ferrari
2021,4,5,15,0,Alpine F1 Team
2021,4,6,10,0,AlphaTauri
2021,4,7,5,0,Aston Martin
2021,4,8,0,0,Alfa Romeo
2021,4,9,0,0,Williams
2021,4,10,0,0,Haas F1 Team
2021,5,1,149,2,Red Bull
2021,5,2,148,3,Mercedes
2021,5,3,80,0,McLaren
2021,5,4,78,0,Ferrari
2021,5,5,19,0,Aston Martin
2021,5,6,18,0,AlphaTauri
2021,5,7,17,0,Alpine F1 Team
2021,5,8,1,0,Alfa Romeo
2021,5,9,0,0,Williams
2021,5,10,0,0,Haas F1 Team
2021,6,1,174,3,Red Bull
2021,6,2,148,3,Mercedes
2021,6,3,94,0,Ferrari
2021,6,4,92,0,McLaren
2021,6,5,39,0,AlphaTauri
2021,6,6,37,0,Aston Martin
2021,6,7,25,0,Alpine F1 Team
2021,6,8,2,0,Alfa Romeo
2021,6,9,0,0,Haas F1 Team
2021,6,10,0,0,Williams
2021,7,1,215,4,Red Bull
2021,7,2,178,3,Mercedes
2021,7,3,110,0,McLaren
2021,7,4,94,0,Ferrari
2021,7,5,45,0,AlphaTauri
2021,7,6,40,0,Aston Martin
2021,7,7,29,0,Alpine F1 Team
2021,7,8,2,0,Alfa Romeo
2021,7,9,0,0,Williams
2021,7,10,0,0,Haas F1 Team
2021,8,1,252,5,Red Bull
2021,8,2,212,3,Mercedes
2021,8,3,120,0,McLaren
2021,8,4,108,0,Ferrari
2021,8,5,46,0,AlphaTauri
2021,8,6,44,0,Aston Martin
2021,8,7,31,0,Alpine F1 Team
2021,8,8,2,0,Alfa Romeo
2021,8,9,0,0,Williams
2021,8,10,0,0,Haas F1 Team
2021,9,1,286,6,Red Bull
2021,9,2,242,3,Mercedes
2021,9,3,141,0,McLaren
2021,9,4,122,0,Ferrari
2021,9,5,48,0,AlphaTauri
2021,9,6,44,0,Aston Martin
2021,9,7,32,0,Alpine F1 Team
2021,9,8,2,0,Alfa Romeo
2021,9,9,0,0,Williams
2021,9,10,0,0,Haas F1 Team
2021,10,1,289,6,Red Bull
2021,10,2,285,4,Mercedes
2021,10,3,163,0,McLaren
2021,10,4,148,0,Ferrari
2021,10,5,49,0,AlphaTauri
2021,10,6,48,0,Aston Martin
2021,10,7,40,0,Alpine F1 Team
2021,10,8,2,0,Alfa Romeo
2021,10,9,0,0,Williams
2021,10,10,0,0,Haas F1 Team
2021,11,1,303,4,Mercedes
2021,11,2,291,6,Red Bull
2021,11,3,163,0,Ferrari
2021,11,4,163,0,McLaren
2021,11,5,77,1,Alpine F1 Team
2021,11,6,68,0,AlphaTauri
2021,11,7,48,0,Aston Martin
2021,11,8,10,0,Williams
2021,11,9,3,0,Alfa Romeo
2021,11,10,0,0,Haas F1 Team
2021,12,1,310.5,4,Mercedes
2021,12,2,303.5,7,Red Bull
2021,12,3,169,0,McLaren
2021,12,4,165.5,0,Ferrari
2021,12,5,80,1,Alpine F1 Team
2021,12,6,72,0,AlphaTauri
2021,12,7,53,0,Aston Martin
2021,12,8,20,0,Williams
2021,12,9,3,0,Alfa Romeo
2021,12,10,0,0,Haas F1 Team
2021,13,1,344.5,4,Mercedes
2021,13,2,332.5,8,Red Bull
2021,13,3,181.5,0,Ferrari
2021,13,4,170,0,McLaren
2021,13,5,90,1,Alpine F1 Team
2021,13,6,84,0,AlphaTauri
2021,13,7,53,0,Aston Martin
2021,13,8,20,0,Williams
2021,13,9,3,0,Alfa Romeo
2021,13,10,0,0,Haas F1 Team
2021,14,1,362.5,4,Mercedes
2021,14,2,344.5,8,Red Bull
2021,14,3,215,1,McLaren
2021,14,4,201.5,0,Ferrari
2021,14,5,95,1,Alpine F1 Team
2021,14,6,84,0,AlphaTauri
2021,14,7,59,0,Aston Martin
2021,14,8,22,0,Williams
2021,14,9,3,0,Alfa Romeo
2021,14,10,0,0,Haas F1 Team
2021,15,1,397.5,5,Mercedes
2021,15,2,364.5,8,Red Bull
2021,15,3,234,1,McLaren
2021,15,4,216.5,0,Ferrari
2021,15,5,103,1,Alpine F1 Team
2021,15,6,84,0,AlphaTauri
2021,15,7,59,0,Aston Martin
2021,15,8,23,0,Williams
2021,15,9,7,0,Alfa Romeo
2021,15,10,0,0,Haas F1 Team
2021,16,1,433.5,6,Mercedes
2021,16,2,397.5,8,Red Bull
2021,16,3,240,1,McLaren
2021,16,4,232.5,0,Ferrari
2021,16,5,104,1,Alpine F1 Team
2021,16,6,92,0,AlphaTauri
2021,16,7,61,0,Aston Martin
2021,16,8,23,0,Williams
2021,16,9,7,0,Alfa Romeo
2021,16,10,0,0,Haas F1 Team
2021,17,1,460.5,6,Mercedes
2021,17,2,437.5,9,Red Bull
2021,17,3,254,1,McLaren
2021,17,4,250.5,0,Ferrari
2021,17,5,104,1,Alpine F1 Team
2021,17,6,94,0,AlphaTauri
2021,17,7,62,0,Aston Martin
2021,17,8,23,0,Williams
2021,17,9,7,0,Alfa Romeo
2021,17,10,0,0,Haas F1 Team
2021,18,1,478.5,6,Mercedes
2021,18,2,477.5,10,Red Bull
2021,18,3,268.5,0,Ferrari
2021,18,4,255,1,McLaren
2021,18,5,106,1,Alpine F1 Team
2021,18,6,106,0,AlphaTauri
2021,18,7,68,0,Aston Martin
2021,18,8,23,0,Williams
2021,18,9,11,0,Alfa Romeo
2021,18,10,0,0,Haas F1 Team
2021,19,1,521.5,7,Mercedes
2021,19,2,510.5,10,Red Bull
2021,19,3,287.5,0,Ferrari
2021,19,4,256,1,McLaren
2021,19,5,112,1,Alpine F1 Team
2021,19,6,112,0,AlphaTauri
2021,19,7,68,0,Aston Martin
2021,19,8,23,0,Williams
2021,19,9,11,0,Alfa Romeo
2021,19,10,0,0,Haas F1 Team
2021,20,1,546.5,8,Mercedes
2021,20,2,541.5,10,Red Bull
2021,20,3,297.5,0,Ferrari
2021,20,4,258,1,McLaren
2021,20,5,137,1,Alpine F1 Team
2021,20,6,112,0,AlphaTauri
2021,20,7,77,0,Aston Martin
2021,20,8,23,0,Williams
2021,20,9,11,0,Alfa Romeo
2021,20,10,0,0,Haas F1 Team
2021,21,1,587.5,9,Mercedes
2021,21,2,559.5,10,Red Bull
2021,21,3,307.5,0,Ferrari
2021,21,4,269,1,McLaren
2021,21,5,149,1,Alpine F1 Team
2021,21,6,120,0,AlphaTauri
2021,21,7,77,0,Aston Martin
2021,21,8,23,0,Williams
2021,21,9,13,0,Alfa Romeo
2021,21,10,0,0,Haas F1 Team
2021,22,1,613.5,9,Mercedes
2021,22,2,585.5,11,Red Bull
2021,22,3,323.5,0,Ferrari
2021,22,4,275,1,McLaren
2021,22,5,155,1,Alpine F1 Team
2021,22,6,142,0,AlphaTauri
2021,22,7,77,0,Aston Martin
2021,22,8,23,0,Williams
2021,22,9,13,0,Alfa Romeo
2021,22,10,0,0,Haas F1 Team
2022,1,1,44,1,Ferrari
2022,1,2,27,0,Mercedes
2022,1,3,10,0,Haas F1 Team
2022,1,4,9,0,Alfa Romeo
2022,1,5,8,0,Alpine F1 Team
2022,1,6,4,0,AlphaTauri
2022,1,7,0,0,Aston Martin
2022,1,8,0,0,Williams
2022,1,9,0,0,McLaren
2022,1,10,0,0,Red Bull
2022,2,1,78,1,Ferrari
2022,2,2,38,0,Mercedes
2022,2,3,37,1,Red Bull
2022,2,4,16,0,Alpine F1 Team
2022,2,5,12,0,Haas F1 Team
2022,2,6,9,0,Alfa Romeo
2022,2,7,8,0,AlphaTauri
2022,2,8,6,0,McLaren
2022,2,9,0,0,Aston Martin
2022,2,10,0,0,Williams
2022,3,1,104,2,Ferrari
2022,3,2,65,0,Mercedes
2022,3,3,55,1,Red Bull
2022,3,4,24,0,McLaren
2022,3,5,22,0,Alpine F1 Team
2022,3,6,13,0,Alfa Romeo
2022,3,7,12,0,Haas F1 Team
2022,3,8,10,0,AlphaTauri
2022,3,9,1,0,Williams
2022,3,10,0,0,Aston Martin
2022,4,1,124,2,Ferrari
2022,4,2,113,2,Red Bull
2022,4,3,77,0,Mercedes
2022,4,4,46,0,McLaren
2022,4,5,25,0,Alfa Romeo
2022,4,6,22,0,Alpine F1 Team
2022,4,7,16,0,AlphaTauri
2022,4,8,15,0,Haas F1 Team
2022,4,9,5,0,Aston Martin
2022,4,10,1,0,Williams
2022,5,1,157,2,Ferrari
2022,5,2,151,3,Red Bull
2022,5,3,95,0,Mercedes
2022,5,4,46,0,McLaren
2022,5,5,31,0,Alfa Romeo
2022,5,6,26,0,Alpine F1 Team
2022,5,7,16,0,AlphaTauri
2022,5,8,15,0,Haas F1 Team
2022,5,9,6,0,Aston Martin
2022,5,10,3,0,Williams
2022,6,1,195,4,Red Bull
2022,6,2,169,2,Ferrari
2022,6,3,120,0,Mercedes
2022,6,4,50,0,McLaren
2022,6,5,39,0,Alfa Romeo
2022,6,6,34,0,Alpine F1 Team
2022,6,7,17,0,AlphaTauri
2022,6,8,15,0,Haas F1 Team
2022,6,9,6,0,Aston Martin
2022,6,10,3,0,Williams
2022,7,1,235,5,Red Bull
2022,7,2,199,2,Ferrari
2022,7,3,134,0,Mercedes
2022,7,4,59,0,McLaren
2022,7,5,41,0,Alfa Romeo
2022,7,6,40,0,Alpine F1 Team
2022,7,7,17,0,AlphaTauri
2022,7,8,15,0,Haas F1 Team
2022,7,9,7,0,Aston Martin
2022,7,10,3,0,Williams
2022,8,1,279,6,Red Bull
2022,8,2,199,2,Ferrari
2022,8,3,161,0,Mercedes
2022,8,4,65,0,McLaren
2022,8,5,47,0,Alpine F1 Team
2022,8,6,41,0,Alfa Romeo
2022,8,7,27,0,AlphaTauri
2022,8,8,15,0,Haas F1 Team
2022,8,9,15,0,Aston Martin
2022,8,10,3,0,Williams
2022,9,1,304,7,Red Bull
2022,9,2,228,2,Ferrari
2022,9,3,188,0,Mercedes
2022,9,4,65,0,McLaren
2022,9,5,57,0,Alpine F1 Team
2022,9,6,51,0,Alfa Romeo
2022,9,7,27,0,AlphaTauri
2022,9,8,16,0,Aston Martin
2022,9,9,15,0,Haas F1 Team
2022,9,10,3,0,Williams
2022,10,1,328,7,Red Bull
2022,10,2,265,3,Ferrari
2022,10,3,204,0,Mercedes
2022,10,4,73,0,McLaren
2022,10,5,67,0,Alpine F1 Team
2022,10,6,51,0,Alfa Romeo
2022,10,7,27,0,AlphaTauri
2022,10,8,20,0,Haas F1 Team
2022,10,9,18,0,Aston Martin
2022,10,10,3,0,Williams
2022,11,1,359,7,Red Bull
2022,11,2,303,4,Ferrari
2022,11,3,237,0,Mercedes
2022,11,4,81,0,McLaren
2022,11,5,81,0,Alpine F1 Team
2022,11,6,51,0,Alfa Romeo
2022,11,7,34,0,Haas F1 Team
2022,11,8,27,0,AlphaTauri
2022,11,9,18,0,Aston Martin
2022,11,10,3,0,Williams
2022,12,1,396,8,Red Bull
2022,12,2,314,4,Ferrari
2022,12,3,270,0,Mercedes
2022,12,4,93,0,Alpine F1 Team
2022,12,5,89,0,McLaren
2022,12,6,51,0,Alfa Romeo
2022,12,7,34,0,Haas F1 Team
2022,12,8,27,0,AlphaTauri
2022,12,9,19,0,Aston Martin
2022,12,10,3,0,Williams
2022,13,1,431,9,Red Bull
2022,13,2,334,4,Ferrari
2022,13,3,304,0,Mercedes
2022,13,4,99,0,Alpine F1 Team
2022,13,5,95,0,McLaren
2022,13,6,51,0,Alfa Romeo
2022,13,7,34,0,Haas F1 Team
2022,13,8,27,0,AlphaTauri
2022,13,9,20,0,Aston Martin
2022,13,10,3,0,Williams
2022,14,1,475,10,Red Bull
2022,14,2,357,4,Ferrari
2022,14,3,316,0,Mercedes
2022,14,4,115,0,Alpine F1 Team
2022,14,5,95,0,McLaren
2022,14,6,51,0,Alfa Romeo
2022,14,7,34,0,Haas F1 Team
2022,14,8,29,0,AlphaTauri
2022,14,9,24,0,Aston Martin
2022,14,10,4,0,Williams
2022,15,1,511,11,Red Bull
2022,15,2,376,4,Ferrari
2022,15,3,346,0,Mercedes
2022,15,4,125,0,Alpine F1 Team
2022,15,5,101,0,McLaren
2022,15,6,51,0,Alfa Romeo
2022,15,7,34,0,Haas F1 Team
2022,15,8,29,0,AlphaTauri
2022,15,9,25,0,Aston Martin
2022,15,10,4,0,Williams
2022,16,1,545,12,Red Bull
2022,16,2,406,4,Ferrari
2022,16,3,371,0,Mercedes
2022,16,4,125,0,Alpine F1 Team
2022,16,5,107,0,McLaren
2022,16,6,52,0,Alfa Romeo
2022,16,7,34,0,Haas F1 Team
2022,16,8,33,0,AlphaTauri
2022,16,9,25,0,Aston Martin
2022,16,10,6,0,Williams
2022,17,1,576,13,Red Bull
2022,17,2,439,4,Ferrari
2022,17,3,373,0,Mercedes
2022,17,4,129,0,McLaren
2022,17,5,125,0,Alpine F1 Team
2022,17,6,52,0,Alfa Romeo
2022,17,7,37,0,Aston Martin
2022,17,8,34,0,Haas F1 Team
2022,17,9,34,0,AlphaTauri
2022,17,10,6,0,Williams
2022,18,1,619,14,Red Bull
2022,18,2,454,4,Ferrari
2022,18,3,387,0,Mercedes
2022,18,4,143,0,Alpine F1 Team
2022,18,5,130,0,McLaren
2022,18,6,52,0,Alfa Romeo
2022,18,7,45,0,Aston Martin
2022,18,8,34,0,Haas F1 Team
2022,18,9,34,0,AlphaTauri
2022,18,10,8,0,Williams
2022,19,1,656,15,Red Bull
2022,19,2,469,4,Ferrari
2022,19,3,416,0,Mercedes
2022,19,4,149,0,Alpine F1 Team
2022,19,5,138,0,McLaren
2022,19,6,52,0,Alfa Romeo
2022,19,7,49,0,Aston Martin
2022,19,8,36,0,Haas F1 Team
2022,19,9,35,0,AlphaTauri
2022,19,10,8,0,Williams
2022,20,1,696,16,Red Bull
2022,20,2,487,4,Ferrari
2022,20,3,447,0,Mercedes
2022,20,4,153,0,Alpine F1 Team
2022,20,5,146,0,McLaren
2022,20,6,53,0,Alfa Romeo
2022,20,7,49,0,Aston Martin
2022,20,8,36,0,Haas F1 Team
2022,20,9,35,0,AlphaTauri
2022,20,10,8,0,Williams
2022,21,1,719,16,Red Bull
2022,21,2,524,4,Ferrari
2022,21,3,505,1,Mercedes
2022,21,4,167,0,Alpine F1 Team
2022,21,5,148,0,McLaren
2022,21,6,55,0,Alfa Romeo
2022,21,7,50,0,Aston Martin
2022,21,8,37,0,Haas F1 Team
2022,21,9,35,0,AlphaTauri
2022,21,10,8,0,Williams
2022,22,1,759,17,Red Bull
2022,22,2,554,4,Ferrari
2022,22,3,515,1,Mercedes
2022,22,4,173,0,Alpine F1 Team
2022,22,5,159,0,McLaren
2022,22,6,55,0,Alfa Romeo
2022,22,7,55,0,Aston Martin
2022,22,8,37,0,Haas F1 Team
2022,22,9,35,0,AlphaTauri
2022,22,10,8,0,Williams
